田村 良明,緯度観測所,1984-01-10
吉野 さやか,筑波大学,1984-01-10
後 保範,日立製作所,1984-01-10
金田 康正,東京大学,1984-01-10
笹川 瑠美,筑波大学,1984-01-10
三好 和憲,筑波大学,1984-01-10
五十嵐 滋,筑波大学,1984-01-10
古川 進,山梨大学,1984-01-10
堀越 彌,日立製作所,1984-01-10
桂 重俊,東北大学,1984-01-10
増子 進,富士通,1984-01-10
山本 米雄,徳島大学,1984-01-10
東條 隆,徳島大学,1984-01-10
木村 泉,東京工業大学,1984-01-10
青山 幹雄,富士通,1984-01-10
浜田 穂積,日立製作所,1984-01-10
島内 剛一,立教大学,1984-01-10
筧 捷彦,立教大学,1984-01-10
後藤 英一,東京大学,1984-01-10
鈴木 正幸,東京大学,1984-01-10
相場 嵩,理化学研究所,1984-01-10
稲田 信幸,理化学研究所,1984-01-10
高木 茂行,ICOT,1984-01-10
近山 隆,ICOT,1984-01-10
萩野 達也,Edinburgh大学,1984-01-10
桜川 貴司,京都大学,1984-01-10
柴山 悦哉,東京工業大学,1984-01-10
中田 育男,筑波大学,1984-01-10
佐々 政孝,筑波大学,1984-01-10
福井 眞吾,東京工業大学,1984-01-10
C.T.L. Minich,富士通,1984-01-10
奥乃 博,日本電信電話公社,1984-01-10
和田 英一,東京大学,1984-01-10
泉田 義男,富士通研究所,1984-01-10
戸沢 義夫,日本IBM,1986-01-08
中川 裕志,横浜国立大学,1986-01-08
栗原 正仁,北海道大学,1986-01-08
藤村 考,北海道大学,1986-01-08
加地 郁夫,北海道大学,1986-01-08
水谷 哲也,筑波大学,1986-01-08
辻 尚史,筑波大学,1986-01-08
細野 千春,筑波大学,1986-01-08
五十嵐 滋,筑波大学,1986-01-08
高嶋 孝明,日本IBM,1986-01-08
加藤 隆,日本IBM,1986-01-08
佐藤 裕幸,ICOT,1986-01-08
坂井 公,ICOT,1986-01-08
角田 博保,電気通信大学,1986-01-08
小川 貴英,津田塾大学,1986-01-08
木村 泉,東京工業大学,1986-01-08
粕川 正充,東京工業大学,1986-01-08
藤崎 哲之助,日本IBM,1986-01-08
水谷 静夫,東京女子大,1986-01-08
安達 淳,東京大学,1986-01-08
木村 友則,東京大学,1986-01-08
村尾 裕一,東京大学,1986-01-08
石田 晴久,東京大学,1986-01-08
湯浅 敬,東京大学,1986-01-08
金子 敬一,東京大学,1986-01-08
小暮 博道,東京工業大学,1986-01-08
村井 純,東京工業大学,1986-01-08
斎藤 隆文,東京大学,1986-01-08
小川 亮一,筑波大学,1986-01-08
三好 和憲,筑波大学,1986-01-08
五十嵐 滋,筑波大学,1986-01-08
根岸 寛明,富士通,1986-01-08
吉田 哲三,富士通,1986-01-08
坂内 広蔵,電力中央研究所,1986-01-08
寺野 隆雄,電力中央研究所,1986-01-08
高橋 光裕,中国電力,1986-01-08
佐藤 隆,中国電力,1986-01-08
宇佐川 雄士,中国電力,1986-01-08
佐々木 建昭,理化学研究所,1986-01-08
元吉 文男,電子技術総合研究所,1986-01-08
前野 年紀,東京工業大学,1987-01-07
村井 純,東京工業大学,1987-01-07
小川 貴英,津田塾大学,1987-01-07
Beshr Bakit,慶應義塾大学,1987-01-07
遠山 元道,慶應義塾大学,1987-01-07
浦 昭二,慶應義塾大学,1987-01-07
猪飼 秀隆,静岡大学,1987-01-07
村松 正実,東京大学,1987-01-07
高嶋 孝明,日本IBM,1987-01-07
粕川 正充,東京工業大学,1987-01-07
木村 泉,東京工業大学,1987-01-07
木村 泉,東京工業大学,1987-01-07
高山 幸秀,ICOT,1987-01-07
山下 義行,筑波大学,1987-01-07
中田 育男,筑波大学,1987-01-07
岩崎 英哉,東京大学,1987-01-07
寺田 実,東京大学,1987-01-07
樋口 英幸,東京大学,1987-01-07
黒川 利明,日本IBM,1987-01-07
田村 直之,日本IBM,1987-01-07
浅川 康夫,日本IBM,1987-01-07
小松 秀昭,日本IBM,1987-01-07
枚田 正宏,筑波大学,1987-01-07
多田 好克,電気通信大学,1987-01-07
森 岳志,東京農工大学,1987-01-07
中川 正樹,東京農工大学,1987-01-07
中森 眞理雄,東京農工大学,1987-01-07
高橋 延匡,東京農工大学,1987-01-07
日野 克,富士通,1987-01-07
天海 良治,NTT,1987-01-07
秋口 忠三,日本電気,1987-01-07
吉本 真司,広島大学,1987-01-07
岸本 一男,広島大学,1987-01-07
平松 健司,広島大学,1987-01-07
翁長 健治,広島大学,1987-01-07
佐々木 建昭,理化学研究所,1987-01-07
福井 義成,東芝,1987-01-07
鈴木 正幸,理化学研究所,1987-01-07
佐藤 三久,新技術開発事業団,1987-01-07
田口 友康,甲南大,1987-01-07
藤原 儀直,甲南大,1987-01-07
太田 雅久,甲南大,1987-01-07
梅村 恭司,NTT,1987-01-07
何 暁旬,東京大学,1987-01-07
藤波 順久,東京大学,1987-01-07
山内 宗夫,東京大学,1987-01-07
金田 康正,東京大学,1987-01-07
村尾 裕一,東京大学,1987-01-07
金田 康正,東京大学,1987-01-07
田村 良明,緯度観測所,1987-01-07
小松 克行,早稲田大学,1988-01-12
小田 辰夫,早稲田大学,1988-01-12
山田 剛,早稲田大学,1988-01-12
小原 啓義,早稲田大学,1988-01-12
中村 秀男,東京工業大学,1988-01-12
二瓶 勝敏,東京工業大学,1988-01-12
明石 修,東京工業大学,1988-01-12
関 啓一,東京工業大学,1988-01-12
大駒 誠一,慶應義塾大学,1988-01-12
今井 誠司,慶應義塾大学,1988-01-12
小川 雅庸,豊橋技術科学大学,1988-01-12
河合 和久,豊橋技術科学大学,1988-01-12
大岩 元,豊橋技術科学大学,1988-01-12
倉田 昌典,九州大学,1988-01-12
牛島 和夫,九州大学,1988-01-12
横井 伸司,日本IBM,1988-01-12
岸 知二,日本電気,1988-01-12
角田 博保,電気通信大学,1988-01-12
久野 靖,東京工業大学,1988-01-12
半田 剣一,電子技術総合研究所,1988-01-12
小方 一郎,電子技術総合研究所,1988-01-12
藤幡 正樹,芸術家,1988-01-12
山下 義行,筑波大学,1988-01-12
中田 育男,筑波大学,1988-01-12
山中 顕次郎,筑波大学,1988-01-12
飯島 泰裕,富士通研究所,1988-01-12
成田 良一,富士通研究所,1988-01-12
吉田 裕之,富士通研究所,1988-01-12
泉 寛幸,富士通研究所,1988-01-12
橋田 浩一,電子技術総合研究所,1988-01-12
古川 進,山梨大学,1988-01-12
郭 王文青,山梨大学,1988-01-12
佐々木 建昭,理化学研究所,1988-01-12
増永 良文,情報大,1988-01-12
三枝 義典,情報大,1988-01-12
阿部 昭博,富士通,1988-01-12
元吉 文男,電子技術総合研究所,1988-01-12
佐々木 睦子,理化学研究所,1988-01-12
山崎 直子,東京農工大学,1988-01-12
佐野 靖子,東京農工大学,1988-01-12
渡邊 哲史,東京農工大学,1988-01-12
高田 正之,東京農工大学,1988-01-12
小谷 善行,東京農工大学,1988-01-12
白川 貴浩,筑波大学,1988-01-12
富塚 英省,筑波大学,1988-01-12
五十嵐 滋,筑波大学,1988-01-12
萩原 規子,日本電気,1989-01-10
小島 啓二,日立製作所,1989-01-10
松田 芳樹,日立製作所,1989-01-10
和田 勉,長野大学,1989-01-10
堀内 一夫,第一無線,1989-01-10
前野 年紀,東京工業大学,1989-01-10
松田 裕幸,東京工業大学,1989-01-10
太田 昌孝,東京工業大学,1989-01-10
大野 浩之,東京工業大学,1989-01-10
村上 健一郎,NTT,1989-01-10
天海 良治,NTT,1989-01-10
高橋 俊成,東芝,1989-01-10
寺野 隆雄,電力中央研究所,1989-01-10
鈴木 道夫,電力中央研究所,1989-01-10
小野田 崇,電力中央研究所,1989-01-10
上西 勝也,関西電力,1989-01-10
松浦 敏之,関西電力,1989-01-10
中村 修,関西電力,1989-01-10
高田 裕志,富士通,1989-01-10
榊原 康文,富士通,1989-01-10
和田 英一,東京大学,1989-01-10
村田 健郎,図書館情報大学,1989-01-10
久野 靖,東京工業大学,1989-01-10
角田 博保,電気通信大学,1989-01-10
暦本 純一,日本電気,1989-01-10
菅井 勝,日本電気,1989-01-10
山崎 剛,日本電気マイコンテクノロジー,1989-01-10
森 岳志,日本電気,1989-01-10
内山 厚子,日本電気,1989-01-10
垂水 浩幸,日本電気,1989-01-10
杉山 高弘,日本電気,1989-01-10
秋口 忠三,日本電気,1989-01-10
永松 礼夫,東京大学,1989-01-10
西山 博康,筑波大学,1989-01-10
板野 肯三,筑波大学,1989-01-10
内平 直志,東芝,1989-01-10
川田 秀司,東芝,1989-01-10
隅田 敏,東芝,1989-01-10
片山 佳則,富士通,1989-01-10
高田 広章,東京大学,1989-01-10
水谷 哲也,筑波大学,1989-01-10
五十嵐 滋,筑波大学,1989-01-10
辻 尚史,筑波大学,1989-01-10
曽谷 俊男,東京農工大学,1990-01-09
本間 正之,東京農工大学,1990-01-09
幸田 恵理子,東京農工大学,1990-01-09
福島 英洋,東京農工大学,1990-01-09
中川 勇,東京農工大学,1990-01-09
中川 正樹,東京農工大学,1990-01-09
高橋 延匡,東京農工大学,1990-01-09
椎尾 一郎,日本IBM,1990-01-09
坂入 隆,日本IBM,1990-01-09
木下 成顕,図書館情報大学,1990-01-09
平賀 譲,図書館情報大学,1990-01-09
竹内 啓,東京大学,1990-01-09
並木 美太郎,東京農工大学,1990-01-09
岡野 裕之,東京農工大学,1990-01-09
堀 素史,東京農工大学,1990-01-09
横関 隆,東京農工大学,1990-01-09
早川 栄一,東京農工大学,1990-01-09
中川 正樹,東京農工大学,1990-01-09
高橋 延匡,東京農工大学,1990-01-09
多田 好克,電気通信大学,1990-01-09
二村 良彦,日立製作所,1990-01-09
野木 兼六,日立製作所,1990-01-09
高野 明彦,日立製作所,1990-01-09
有澤 誠,山梨大学,1990-01-09
山下 義行,東京大学,1990-01-09
寺野 隆雄,電力中央研究所,1990-01-09
小野田 崇,電力中央研究所,1990-01-09
鈴木 道夫,電力中央研究所,1990-01-09
上西 勝也,関西電力,1990-01-09
安村 通晃,日立製作所,1990-01-09
小島 啓二,日立製作所,1990-01-09
下村 秀樹,東京農工大学,1990-01-09
高橋 延匡,東京農工大学,1990-01-09
村井 純,東京大学,1990-01-09
三上 博英,NTT,1990-01-09
村上 健一郎,NTT,1990-01-09
新田 善久,東京大学,1990-01-09
古川 進,山梨大学,1990-01-09
伊藤 誠,山梨大学,1990-01-09
山田 晋,トヨタ自動車,1990-01-09
萩原 茂,山梨県工業技術センター,1990-01-09
斎藤 隆文,NTT,1990-01-09
高橋 時市郎,NTT,1990-01-09
田中 哲朗,東京大学,1991-01-08
石井 祐一郎,東京大学,1991-01-08
長橋 賢児,東京大学,1991-01-08
竹内 幹夫,東京大学,1991-01-08
岩崎 英哉,東京大学,1991-01-08
和田 英一,東京大学,1991-01-08
美馬 義亮,日本IBM,1991-01-08
神阪 博通,三重大学,1991-01-08
神山 淑朗,電気通信大学,1991-01-08
寺島 元章,電気通信大学,1991-01-08
池田 靖雄,筑波大学,1991-01-08
細野 千春,筑波大学,1991-01-08
辻 尚史,筑波大学,1991-01-08
五十嵐 滋,筑波大学,1991-01-08
山田 敏哉,筑波大学,1991-01-08
奥居 哲,筑波大学,1991-01-08
井田 哲雄,筑波大学,1991-01-08
高橋 俊成,東芝,1991-01-08
曽谷 俊男,東京農工大学,1991-01-08
中川 正樹,東京農工大学,1991-01-08
高橋 延匡,東京農工大学,1991-01-08
河村 知行,徳山高専,1991-01-08
重村 哲至,徳山高専,1991-01-08
江口 賢和,徳山高専,1991-01-08
鈴木 浩之,アクセス,1991-01-08
村田 典幸,アクセス,1991-01-08
鎌田 富久,アクセス,1991-01-08
岩崎 俊樹,気象庁,1991-01-08
下村 秀樹,東京農工大学,1991-01-08
臼井 直樹,東京農工大学,1991-01-08
坂井 貴子,東京農工大学,1991-01-08
並木 美太郎,東京農工大学,1991-01-08
中川 正樹,東京農工大学,1991-01-08
高橋 延匡,東京農工大学,1991-01-08
内田 昭宏,日本電気,1991-01-08
佐野 晋,日本電気,1991-01-08
赤池 英夫,電気通信大学,1991-01-08
粕川 正充,東京工業大学,1991-01-08
角田 博保,電気通信大学,1991-01-08
斎藤 靖,東京大学,1991-01-08
吉田 英樹,東京大学,1991-01-08
高田 広章,東京大学,1991-01-08
坂村 健,東京大学,1991-01-08
飯島 純一,電気通信大学,1991-01-08
河崎 宜史,電気通信大学,1991-01-08
油田 信一,筑波大学,1991-01-08
松原 仁,電子技術総合研究所,1991-01-08
半田 剣一,電子技術総合研究所,1991-01-08
元吉 文男,電子技術総合研究所,1991-01-08
安村 通晃,慶應義塾大学,1991-01-08
有澤 誠,慶應義塾大学,1991-01-08
斎藤 信男,慶應義塾大学,1991-01-08
森田 雅夫,東京農工大学,1991-01-08
早川 栄一,東京農工大学,1991-01-08
玉木 裕二,東京農工大学,1991-01-08
並木 美太郎,東京農工大学,1991-01-08
高橋 延匡,東京農工大学,1991-01-08
久野 靖,筑波大学,1992-01-08
大木 敦雄,筑波大学,1992-01-08
角田 博保,電気通信大学,1992-01-08
金谷 延幸,群馬大学,1992-01-08
大野 敬史,群馬大学,1992-01-08
佐渡 一広,群馬大学,1992-01-08
大座畑 重光,マッキンテリジェンス,1992-01-08
梅村 恭司,NTT,1992-01-08
金田 泰,日立製作所,1992-01-08
田仲 広明,アクセス,1992-01-08
村田 典幸,アクセス,1992-01-08
鎌田 富久,アクセス,1992-01-08
村井 純,慶應義塾大学,1992-01-08
楠本 博之,慶應義塾大学,1992-01-08
加藤 朗,慶應義塾大学,1992-01-08
稗田 薫,上智大学,1992-01-08
Andrew Flavell,徳島大学,1992-01-08
Yoshizo Takahashi,徳島大学,1992-01-08
田口 友康,甲南大,1992-01-08
大串 健吾,京都市立芸大,1992-01-08
水田 希世志,筑波大学,1992-01-08
丸山 和彦,筑波大学,1992-01-08
小宮山 弘樹,筑波大学,1992-01-08
五十嵐 滋,筑波大学,1992-01-08
市中 康公,ソニー,1992-01-08
鈴木 孝至,NTT,1992-01-08
坂入 隆,日本IBM,1992-01-08
岸 和孝,ぷらんにんぐとうわ,1992-01-08
斎藤 喜道,日立製作所,1992-01-08
若鳥 陸夫,日本ユニシス,1992-01-08
早川 栄一,東京農工大学,1992-01-08
並木 美太郎,東京農工大学,1992-01-08
高橋 延匡,東京農工大学,1992-01-08
来住 伸子,日本IBM,1992-01-08
木下 佳樹,電子技術総合研究所,1992-01-08
程 京徳,九州大学,1992-01-08
中島 秀之,電子技術総合研究所,1992-01-08
木村 康則,富士通研究所,1992-01-08
川島 康弘,富士通SSL,1992-01-08
佐藤 英樹,富士通SSL,1992-01-08
細井 聡,富士通研究所,1992-01-08
高橋 俊成,東芝,1993-01-12
田仲 広明,アクセス,1993-01-12
斎藤 靖,アクセス,1993-01-12
鎌田 富久,アクセス,1993-01-12
中川 正樹,東京農工大学,1993-01-12
久東 義典,常磐短大,1993-01-12
藤中 恵,常磐短大,1993-01-12
中西 正和,慶應義塾大学,1993-01-12
田中 二郎,管理工学研究所,1993-01-12
前田 敦司,慶應義塾大学,1993-01-12
國吉 芳夫,慶應義塾大学,1993-01-12
鳴海 達也,慶應義塾大学附属高校,1993-01-12
石井 政幸,慶應義塾大学,1993-01-12
鈴木 悦子,津田塾大学,1993-01-12
小川 貴英,津田塾大学,1993-01-12
川田 重夫,長岡技術科学大学,1993-01-12
飯島 邦彦,長岡技術科学大学,1993-01-12
ブンミー チュンポル,長岡技術科学大学,1993-01-12
真鍋 保彦,長岡技術科学大学,1993-01-12
清水 正明,東京農工大学,1993-01-12
早川 栄一,東京農工大学,1993-01-12
並木 美太郎,東京農工大学,1993-01-12
高橋 延匡,東京農工大学,1993-01-12
浜田 穂積,電気通信大学,1993-01-12
藤村 直美,九州芸術工科大学,1993-01-12
佐々木 敏明,鉄道総合研究所,1993-01-12
渡辺 慎哉,北海道大学,1993-01-12
赤間 清,北海道大学,1993-01-12
宮本 衛市,北海道大学,1993-01-12
水谷 哲也,筑波大学,1993-01-12
五十嵐 滋,筑波大学,1993-01-12
小宮山 宏樹,筑波大学,1993-01-12
辻 尚史,筑波大学,1993-01-12
小谷 善行,東京農工大学,1993-01-12
多田 好克,電気通信大学,1993-01-12
日野 克重,富士通,1993-01-12
河田 汎,富士通,1993-01-12
伊藤 琢巳,NTT,1993-01-12
野下 浩平,電気通信大学,1993-01-12
向井 伸治,前橋市工業短大,1993-01-12
古川 進,山梨大学,1993-01-12
小野 誠,山梨大学,1993-01-12
繁田 良則,北海道大学,1993-01-12
須崎 有康,電子技術総合研究所,1993-01-12
栗田 多喜夫,電子技術総合研究所,1993-01-12
田沼 均,電子技術総合研究所,1993-01-12
平野 聡,電子技術総合研究所,1993-01-12
並木 美太郎,東京農工大学,1994-01-11
早川 栄一,東京農工大学,1994-01-11
高橋 延匡,東京農工大学,1994-01-11
粕川 正充,筑波大学,1994-01-11
角田 博保,電気通信大学,1994-01-11
前野 年紀,東京工業大学,1994-01-11
太田 昌孝,東京工業大学,1994-01-11
Rodney G.Webster,東京農工大学,1994-01-11
永崎 健,東京農工大学,1994-01-11
寺村 健,東京農工大学,1994-01-11
中川 正樹,東京農工大学,1994-01-11
佐藤 三久,電子技術総合研究所,1994-01-11
須崎 有康,電子技術総合研究所,1994-01-11
栗田 多喜夫,電子技術総合研究所,1994-01-11
田沼 均,電子技術総合研究所,1994-01-11
平野 聡,電子技術総合研究所,1994-01-11
一杉 裕志,電子技術総合研究所,1994-01-11
鈴木 和彦,慶應義塾大学,1994-01-11
鎌田 富久,アクセス,1994-01-11
本間 一也,上智大学,1994-01-11
矢吹 道郎,上智大学,1994-01-11
安村 通晃,慶應義塾大学,1994-01-11
伊賀 聡一郎,慶應義塾大学,1994-01-11
松本 元,電子技術総合研究所,1994-01-11
赤池 英夫,電気通信大学,1994-01-11
角田 博保,電気通信大学,1994-01-11
飯島 純一,電気通信大学,1994-01-11
立山 義祐,東京大学,1994-01-11
寺田 実,東京大学,1994-01-11
久野 靖,筑波大学,1994-01-11
角田 博保,電気通信大学,1994-01-11
大木 敦雄,筑波大学,1994-01-11
粕川 正充,筑波大学,1994-01-11
米澤 保雄,愛知技術短期大学,1994-01-11
金磯 善博,インテリジェント・テクノロジー,1994-01-11
平野 一路,日本IBM,1994-01-11
美馬 のゆり,東京大学,1994-01-11
広田 光一,東京大学,1994-01-11
里見 充則,東京大学,1994-01-11
永山 辰巳,ソニーコンピュータサイエンス研究所,1994-01-11
中島 秀之,電子技術総合研究所,1994-01-11
高橋 俊成,東芝,1995-01-10
新保 淳,東芝,1995-01-10
室田 真男,東芝,1995-01-10
中島 一彰,東京農工大学,1995-01-10
早川 栄一,東京農工大学,1995-01-10
並木 美太郎,東京農工大学,1995-01-10
高橋 延匡,東京農工大学,1995-01-10
吉田 聡,東海大学,1995-01-10
大原 茂之,東海大学,1995-01-10
澤田 勉,エルグ,1995-01-10
砂原 秀樹,奈良先端大/電通大,1995-01-10
松原 仁,電子技術総合研究所,1995-01-10
飯田 弘之,電子技術総合研究所,1995-01-10
五十嵐 滋,筑波大学,1995-01-10
辻 尚史,筑波大学,1995-01-10
千葉 大春,筑波大学,1995-01-10
松下 昌弘,筑波大学,1995-01-10
小川 大典,筑波大学,1995-01-10
彌富 あかね,筑波大学,1995-01-10
清野 桂子,筑波大学,1995-01-10
別府 二郎,電気通信大学,1995-01-10
多田 好克,電気通信大学,1995-01-10
大野 義夫,慶應義塾大学,1995-01-10
粕川 正充,お茶の水女子大学,1995-01-10
多田 富雄,東京大学,1995-01-10
伊藤 昭,郵政省,1995-01-10
矢野 博之,郵政省,1995-01-10
山根 智,島根大学,1995-01-10
尾内 理紀夫,NTT,1995-01-10
高田 敏弘,NTT,1995-01-10
鷲坂 光一,NTT,1995-01-10
添野 隆,東京電機大学,1995-01-10
宮寺 庸造,東京電機大学,1995-01-10
近谷 英昭,東京電機大学,1995-01-10
篠崎 政久,東京電機大学,1995-01-10
宮寺 庸造,東京電機大学,1995-01-10
米田 信夫,東京電機大学,1995-01-10
斎藤 正伸,電気通信大学,1995-01-10
多田 好克,電気通信大学,1995-01-10
堤 純也,慶應義塾大学,1995-01-10
新田 朋晃,慶應義塾大学,1995-01-10
小野 孝太郎,慶應義塾大学,1995-01-10
延澤 志保,慶應義塾大学,1995-01-10
孫 大江,慶應義塾大学,1995-01-10
斎藤 博昭,慶應義塾大学,1995-01-10
中西 正和,慶應義塾大学,1995-01-10
玉川 尚太朗,東京農工大学,1995-01-10
小島 大吾,東京農工大学,1995-01-10
平井 孝史,東京農工大学,1995-01-10
中島 一彰,東京農工大学,1995-01-10
早川 栄一,東京農工大学,1995-01-10
並木 美太郎,東京農工大学,1995-01-10
高橋 延匡,東京農工大学,1995-01-10
吉田 真,東京農工大学,1995-01-10
丸山 啓,東京農工大学,1995-01-10
丸山 真佐夫,木更津高専,1995-01-10
早川 栄一,東京農工大学,1995-01-10
並木 美太郎,東京農工大学,1995-01-10
高橋 延匡,東京農工大学,1995-01-10
天野 純一,東京農工大学,1995-01-10
伊藤 聡,東京農工大学,1995-01-10
丸山 芳男,東京農工大学,1995-01-10
雀ヶ野 史子,東京農工大学,1995-01-10
早川 栄一,東京農工大学,1995-01-10
並木 美太郎,東京農工大学,1995-01-10
高橋 延匡,東京農工大学,1995-01-10
早川 栄一,東京農工大学,1995-01-10
森永 智之,東京農工大学,1995-01-10
加藤 泰志,東京農工大学,1995-01-10
並木 美太郎,東京農工大学,1995-01-10
高橋 延匡,東京農工大学,1995-01-10
加藤 直樹,東京農工大学,1995-01-10
中川 正樹,東京農工大学,1995-01-10
中川 正樹,東京農工大学,1996-01-09
増井 俊之,シャープ,1996-01-09
水口 充,シャープ,1996-01-09
George Borden,シャープ,1996-01-09
柏木 宏一,シャープ,1996-01-09
安村 通晃,慶應義塾大学,1996-01-09
佐藤 宏之,慶應義塾大学,1996-01-09
尾内 理紀夫,NTT,1996-01-09
高田 敏弘,NTT,1996-01-09
鷲坂 光一,NTT,1996-01-09
青柳 滋己,NTT,1996-01-09
白井 千恵子,早稲田大学,1996-01-09
二村 良彦,早稲田大学,1996-01-09
米津 光浩,慶應義塾大学,1996-01-09
中西 正和,慶應義塾大学,1996-01-09
程 京徳,九州大学,1996-01-09
高橋 大介,東京大学,1996-01-09
金田 康正,東京大学,1996-01-09
浜田 穂積,電気通信大学,1996-01-09
永松 礼夫,会津大学,1996-01-09
古市 実裕,東京大学,1996-01-09
出口 光一郎,東京大学,1996-01-09
安斎 公士,関東学園大学,1996-01-09
安達 由洋,東洋大学,1996-01-09
土屋 賢省,東洋大学,1996-01-09
夜久 竹夫,日本大学,1996-01-09
浅川 忠彦,筑波大学,1996-01-09
西見 泰浩,筑波大学,1996-01-09
板野 肯三,筑波大学,1996-01-09
及川 昭文,総合研究大学院大学,1996-01-09
大駒 誠一,慶應義塾大学,1996-01-09
前野 年紀,東京工業大学,1996-01-09
太田 昌孝,東京工業大学,1996-01-09
村上 弘,電気通信大学,1996-01-09
中村 嘉志,電気通信大学,1996-01-09
多田 好克,電気通信大学,1996-01-09
宮沢 篤,日本IBM,1996-01-09
駒野目 裕久,池上通信機,1996-01-09
杉山 智則,慶應義塾大学,1996-01-09
山口 文彦,慶應義塾大学,1996-01-09
中西 正和,慶應義塾大学,1996-01-09
森永 智之,東京農工大学,1996-01-09
早川 栄一,東京農工大学,1996-01-09
並木 美太郎,東京農工大学,1996-01-09
高橋 延匡,東京農工大学,1996-01-09
谷口 秀夫,九州大学,1996-01-09
稲田 太,電気通信大学,1996-01-09
多田 好克,電気通信大学,1996-01-09
斎藤 隆文,NTT,1996-01-09
平賀 瑠美,筑波大学,1996-01-09
五十嵐 滋,筑波大学,1996-01-09
松浦 陽平,筑波大学,1996-01-09
萩原 拓也,慶應義塾大学,1996-01-09
田中 詠子,慶應義塾大学,1996-01-09
岩井 輝男,慶應義塾大学,1996-01-09
田中 良夫,慶應義塾大学,1996-01-09
前田 敦司,慶應義塾大学,1996-01-09
中西 正和,慶應義塾大学,1996-01-09
松井 祥悟,神奈川大学,1996-01-09
橋本 裕,東京農工大学,1996-01-09
早川 栄一,東京農工大学,1996-01-09
並木 美太郎,東京農工大学,1996-01-09
高橋 延匡,東京農工大学,1996-01-09
二村 尚,東京農工大学,1996-01-09
中島 一彰,東京農工大学,1996-01-09
早川 栄一,東京農工大学,1996-01-09
並木 美太郎,東京農工大学,1996-01-09
高橋 延匡,東京農工大学,1996-01-09
山本 康弘,東京農工大学,1996-01-09
早川 栄一,東京農工大学,1996-01-09
並木 美太郎,東京農工大学,1996-01-09
高橋 延匡,東京農工大学,1996-01-09
五十嵐 滋,筑波大学,1997-01-08
水谷 哲也,筑波大学,1997-01-08
塩 雅之,筑波大学,1997-01-08
白銀 哲也,筑波大学,1997-01-08
冨田 康治,機械技術研究所,1997-01-08
山口 文彦,慶應義塾大学,1997-01-08
寺田 実,東京大学,1997-01-08
中村 昌志,NTT,1997-01-08
鷲坂 光一,NTT,1997-01-08
山崎 憲一,NTT,1997-01-08
尾内 理紀夫,NTT,1997-01-08
水口 充,シャープ,1997-01-08
久野 靖,筑波大学,1997-01-08
大木 敦雄,筑波大学,1997-01-08
粕川 正充,お茶の水女子大学,1997-01-08
角田 博保,電気通信大学,1997-01-08
原田 康徳,NTT,1997-01-08
宮本 健司,NTT,1997-01-08
岩井 輝男,慶應義塾大学,1997-01-08
竹内 郁雄,NTT,1997-01-08
吉田 雅治,NTT,1997-01-08
山崎 憲一,NTT,1997-01-08
天海 良治,NTT,1997-01-08
板井 昭子,医薬分子設計研究所,1997-01-08
松原 仁,電子技術総合研究所,1997-01-08
村瀬 芳生,図書館情報大学,1997-01-08
平賀 譲,図書館情報大学,1997-01-08
宮沢 篤,日本IBM,1997-01-08
吉川 裕之,豊橋技術科学大学,1997-01-08
貴島 寿郎,豊橋技術科学大学,1997-01-08
梅村 恭司,豊橋技術科学大学,1997-01-08
美馬 義亮,日本IBM,1997-01-08
D. B.Lange,日本IBM,1997-01-08
小坂 一也,日本IBM,1997-01-08
山本 学,日本IBM,1997-01-08
A. Yariv,日本IBM,1997-01-08
大島 満,日本IBM,1997-01-08
橋本 裕,東京農工大学,1997-01-08
早川 栄一,東京農工大学,1997-01-08
並木 美太郎,東京農工大学,1997-01-08
高橋 延匡,東京農工大学,1997-01-08
渡邊 坦,電気通信大学,1997-01-08
鈴木 貢,電気通信大学,1997-01-08
前田 敦司,慶應義塾大学,1997-01-08
山崎 勝弘,立命館大学,1997-01-08
松田 浩一,立命館大学,1997-01-08
安藤 彰一,立命館大学,1997-01-08
朝倉 啓之,立命館大学,1997-01-08
甲元 洋,日立製作所,1997-01-08
山本 康弘,東京農工大学,1997-01-08
佐藤 元信,東京農工大学,1997-01-08
稲田 達夫,三菱地所,1998-01-07
大場 克彦,京都医療技術短大,1998-01-07
貴島 寿郎,豊橋技術科学大学,1998-01-07
榊原 康文,東京電機大学,1998-01-07
萩谷 昌己,東京大学,1998-01-07
横森 貴,電気通信大学,1998-01-07
澤田 伸一,東京農工大学,1998-01-07
坂東 宏和,東京農工大学,1998-01-07
中川 正樹,東京農工大学,1998-01-07
藤村 直美,九州芸術工科大学,1998-01-07
筧 捷彦,早稲田大学,1998-01-07
原田 康也,早稲田大学,1998-01-07
山本 喜一,慶應義塾大学,1998-01-07
竹内 郁雄,電気通信大学,1998-01-07
前野 年紀,東京工業大学,1998-01-07
近山 隆,東京大学,1998-01-07
藤瀬 哲朗,三菱総合研究所,1998-01-07
野呂 正行,富士通研究所,1998-01-07
菊田 泰代,富士通,1998-01-07
志村 浩也,富士通研究所,1998-01-07
河場 基行,富士通研究所,1998-01-07
木村 康則,富士通研究所,1998-01-07
和田 英一,富士通研究所,1998-01-07
下川 僚子,豊橋技術科学大学,1998-01-07
梅村 恭司,豊橋技術科学大学,1998-01-07
原田 康徳,NTT,1998-01-07
平賀 瑠美,筑波大学,1998-01-07
五十嵐 滋,筑波大学,1998-01-07
劉 剣利,筑波大学,1998-01-07
斉藤 博明,慶應義塾大学,1998-01-07
中西 正和,慶應義塾大学,1998-01-07
並木 美太郎,東京農工大学,1998-01-07
坂東 宏和,東京農工大学,1998-01-07
澤田 伸一,東京農工大学,1998-01-07
中川 正樹,東京農工大学,1998-01-07
馬場 伊美子,七尾短期大学,1998-01-07
白倉 悟子,津田塾大学,1998-01-07
小川 貴英,津田塾大学,1998-01-07
梅村 恭司,豊橋技術科学大学,1998-01-07
内田 淳,豊橋技術科学大学,1999-01-12
梅村 恭司,豊橋技術科学大学,1999-01-12
今城 哲二,日立製作所,1999-01-12
増井 俊之,ソニーコンピュータサイエンス研究所,1999-01-12
赤池 英夫,電気通信大学,1999-01-12
角田 博保,電気通信大学,1999-01-12
松井 望,慶應義塾大学,1999-01-12
山本 喜一,慶應義塾大学,1999-01-12
藤村 直美,九州芸術工科大学,1999-01-12
来海 義英,九州芸術工科大学,1999-01-12
平山 善一,九州芸術工科大学,1999-01-12
坂東 宏和,東京農工大学,1999-01-12
澤田 伸一,東京農工大学,1999-01-12
中川 正樹,東京農工大学,1999-01-12
松原 仁,電子技術総合研究所,1999-01-12
村瀬 芳生,日本総合研究所,1999-01-12
平賀 譲,情報大,1999-01-12
山本 英子,豊橋技術科学大学,1999-01-12
梅村 恭司,豊橋技術科学大学,1999-01-12
大駒 誠一,慶應義塾大学,1999-01-12
藤中 恵,常磐短大,1999-01-12
竹島 卓,富士通研究所,1999-01-12
下山 武司,通信・放送機構,1999-01-12
塩 雅之,筑波大学,1999-01-12
五十嵐 滋,筑波大学,1999-01-12
水谷 哲也,筑波大学,1999-01-12
土屋 敏明,計算流体力学研究所,1999-01-12
桑原 邦郎,計算流体力学研究所,1999-01-12
米澤 彰二,芝浦工業大学,1999-01-12
武田 邦彦,芝浦工業大学,1999-01-12
松井 祥悟,神奈川大学,1999-01-12
田中 良夫,新情報処理開発機構,1999-01-12
前田 敦司,電気通信大学,1999-01-12
中西 正和,慶應義塾大学,1999-01-12
前野 年紀,東京工業大学,1999-01-12
澤田 流布一,豊橋技術科学大学,1999-01-12
下川 僚子,豊橋技術科学大学,1999-01-12
梅村 恭司,豊橋技術科学大学,1999-01-12
堀田 耕一郎,東京農工大学,1999-01-12
澤田 伸一,東京農工大学,1999-01-12
中川 正樹,東京農工大学,1999-01-12
楠 房子,多摩美術大学,1999-01-12
吉橋 昭夫,多摩美術大学,1999-01-12
上田 絵里,多摩美術大学,1999-01-12
坂田 純一郎,多摩美術大学,1999-01-12
澤野 鯛子,多摩美術大学,1999-01-12
豊高 宏典,芝浦工業大学,1999-01-12
米澤 彰二,芝浦工業大学,1999-01-12
武田 邦彦,芝浦工業大学,1999-01-12
土屋 敏明,計算流体力学研究所,1999-01-12
米澤 彰二,芝浦工業大学,1999-01-12
武田 邦彦,芝浦工業大学,1999-01-12
土屋 敏明,計算流体力学研究所,1999-01-12
吉川 隆英,東京大学,2000-01-11
近山 隆,東京大学,2000-01-11
萩谷 昌己,東京大学,2000-01-11
劉 剣利,筑波大学,2000-01-11
小池 宏幸,筑波大学,2000-01-11
水谷 哲也,筑波大学,2000-01-11
塩 雅之,筑波大学,2000-01-11
平賀 瑠美,筑波技術短大,2000-01-11
五十嵐 滋,筑波技術短大,2000-01-11
五十嵐 健夫,東京大学,2000-01-11
田中 英彦,東京大学,2000-01-11
松岡 聡,東京工業大学,2000-01-11
斎藤 隆文,東京農工大学,2000-01-11
飯野 昭,住鉱情報システム,2000-01-11
明関 賢太郎,慶應義塾大学,2000-01-11
安村 通晃,慶應義塾大学,2000-01-11
西村 則久,岩国市役所,2000-01-11
鈴鹿 倫之,電気通信大学,2000-01-11
中村 嘉志,電気通信大学,2000-01-11
多田 好克,電気通信大学,2000-01-11
小熊 寿,電気通信大学,2000-01-11
中山 泰一,電気通信大学,2000-01-11
坂根 巌夫,国際情報科学芸術アカデミー,2000-01-11
林 祥一,富士ゼロックス,2000-01-11
鷹合 基行,富士ゼロックス,2000-01-11
前田 敦司,電気通信大学,2000-01-11
山内 斉,電気通信大学,2000-01-11
原田 康徳,さきがけ21,2000-01-11
千葉 雄司,日立製作所,2000-01-11
藤波 順久,ソニー,2000-01-11
山本 英子,豊橋技術科学大学,2000-01-11
梅村 恭司,豊橋技術科学大学,2000-01-11
三平 善郎,慶應義塾大学,2000-01-11
山本 喜一,慶應義塾大学,2000-01-11
大場 信乃,津田塾大学,2000-01-11
横山 大作,東京大学,2000-01-11
近山 隆,東京大学,2000-01-11
鈴木 透,東京農工大学,2000-01-11
斎藤 隆文,東京農工大学,2000-01-11
楠 房子,多摩美術大学,2000-01-11
杉本 雅則,東京大学,2000-01-11
橋爪 宏達,NACSIS,2000-01-11
中川 圭介,無,2001-01-09
兼宗 進,筑波大学,2001-01-09
久野 靖,筑波大学,2001-01-09
橋爪 宏達,国立情報学研,2001-01-09
杉本 雅則,東京大学,2001-01-09
湯淺 太一,京都大学,2001-01-09
葛西 隆也,東京大学,2001-01-09
宮代 隆平,東京大学,2001-01-09
林 好文,慶應義塾大学,2001-01-09
山本 喜一,慶應義塾大学,2001-01-09
多田 好克,電気通信大学,2001-01-09
首藤 達生,東京大学,2001-01-09
寺田 実,東京大学,2001-01-09
廣瀬 通孝,東京大学,2001-01-09
毛利 公一,東京農工大学,2001-01-09
吉澤 康文,東京農工大学,2001-01-09
笠井 秀一,東京農工大学,2001-01-09
毛利 公一,東京農工大学,2001-01-09
吉澤 康文,東京農工大学,2001-01-09
前野 年紀,東京工業大学,2001-01-09
高橋 俊成,東芝,2001-01-09
梶浦 正浩,東芝,2001-01-09
後藤 哲也,東芝,2001-01-09
秋山 浩一郎,東芝,2001-01-09
半田 豊,東芝,2001-01-09
来住 伸子,津田塾大学,2001-01-09
千葉 雄司,日立製作所,2001-01-09
蟻川 浩,奈良先端科学技術大学院大学,2001-01-09
河合 栄治,奈良先端科学技術大学院大学,2001-01-09
砂原 秀樹,奈良先端科学技術大学院大学,2001-01-09
和田 英一,富士通研究所,2001-01-09
田中 路子,豊橋技術科学大学,2001-01-09
武田 善行,豊橋技術科学大学,2001-01-09
仲村 大也,豊橋技術科学大学,2001-01-09
山本 英子,豊橋技術科学大学,2001-01-09
梅村 恭司,豊橋技術科学大学,2001-01-09
林 祥一,富士ゼロックス,2001-01-09
船田 宏聡,筑波大学,2001-01-09
永田 恵典,筑波大学,2001-01-09
酒井 祐樹,筑波大学,2001-01-09
五十嵐 滋,筑波大学,2001-01-09
水谷 哲也,筑波大学,2001-01-09
佐藤 進也,NTT,2001-01-09
天海 良治,NTT,2001-01-09
竹内 郁雄,電気通信大学,2001-01-09
楠 房子,多摩美術大学,2001-01-09
杉本 雅則,東京大学,2001-01-09
橋爪 宏達,国立情報学研,2001-01-09
真田 亜紀子,豊橋技術科学大学,2002-01-09
梅村 恭司,豊橋技術科学大学,2002-01-09
砂原 秀樹,奈良先端科学技術大学院大学,2002-01-09
斉藤 圭子,津田塾大学,2002-01-09
椎崎 真世,津田塾大学,2002-01-09
伊知地 宏,ラムダ数学教育研究所,2002-01-09
倉部 淳,インタービジョン・レーザーフィッシュ,2002-01-09
近山 隆,東京大学,2002-01-09
中山 康二,電気通信大学,2002-01-09
宮澤 慎一,電気通信大学,2002-01-09
竹内 郁雄,電気通信大学,2002-01-09
福井 賢二,東京農工大学,2002-01-09
石田 準,東京農工大学,2002-01-09
坂東 宏和,東京農工大学,2002-01-09
加藤 直樹,東京農工大学,2002-01-09
中川 正樹,東京農工大学,2002-01-09
野瀬 隆,東京農工大学,2002-01-09
小谷 善行,東京農工大学,2002-01-09
西村 恕彦,東京農工大学,2002-01-09
大野 晋哉,東京農工大学,2002-01-09
鉢呂 重喜,東京農工大学,2002-01-09
斎藤 隆文,東京農工大学,2002-01-09
和田 健之介,アントラッド,2002-01-09
和田 佳子,アントラッド,2002-01-09
中口 孝雄,アントラッド,2002-01-09
金子 勇,アントラッド,2002-01-09
石井 卓良,デジタルファッション,2002-01-09
星 和明,アントラッド,2002-01-09
西尾 泰和,京都大学,2002-01-09
白橋 明弘,ネットワンシステムズ,2002-01-09
植木 克彦,東芝,2002-01-09
岡本 渉,東芝,2002-01-09
田村 文隆,東芝,2002-01-09
平山 雅之,東芝,2002-01-09
樋口 直志,東京大学,2002-01-09
寺田 実,東京大学,2002-01-09
小松 誠,メディアフロント,2002-01-09
作田 誠,静岡大学,2002-01-09
新谷 誠,静岡大学,2002-01-09
飯田 弘之,静岡大学,2002-01-09
佐藤 喬,電気通信大学,2002-01-09
中村 嘉志,電気通信大学,2002-01-09
多田 好克,電気通信大学,2002-01-09
小堺 康之,電気通信大学,2002-01-09
兵頭 和樹,電気通信大学,2002-01-09
中山 泰一,電気通信大学,2002-01-09
中條 拓伯,東京農工大学,2002-01-09
古屋 良二郎,東京農工大学,2002-01-09
大音 真由美,奈良女子大学,2002-01-09
城 和貴,奈良女子大学,2002-01-09
藤波 順久,ソニー,2002-01-09
阿部 正佳,東京大学,2002-01-09
竹辺 靖昭,コグニティブリサーチラボ,2002-01-09
山本 英子,豊橋技術科学大学,2002-01-09
梅村 恭司,豊橋技術科学大学,2002-01-09
舟宝 貴志,豊橋技術科学大学,2002-01-09
鈴木 建二,豊橋技術科学大学,2002-01-09
真田 亜紀子,豊橋技術科学大学,2002-01-09
Chakma Junan,豊橋技術科学大学,2002-01-09
武田 善行,豊橋技術科学大学,2002-01-09
國弘 竜徳,筑波大学,2002-01-09
高田 聖,筑波大学,2002-01-09
水谷 哲也,筑波大学,2002-01-09
Richard Potter,PRESTO,2002-01-09
山田 周司,エスワイシステム,2002-01-09
高岡 詠子,千歳科学技術大学,2003-01-08
仙北谷 祐輔,千歳科学技術大学,2003-01-08
小林 宏章,千歳科学技術大学,2003-01-08
鈴木 信吾,千歳科学技術大学,2003-01-08
兼宗 進,筑波大学,2003-01-08
中谷 多哉子,エス・ラグーン,2003-01-08
御手洗 理英,アーマット,2003-01-08
福井 眞吾,筑波大学,2003-01-08
久野 靖,筑波大学,2003-01-08
中野 瞳,九州芸術工科大学,2003-01-08
堀良 彰,九州芸術工科大学,2003-01-08
河原 一彦,九州芸術工科大学,2003-01-08
平山 善一,九州芸術工科大学,2003-01-08
藤村 直美,九州芸術工科大学,2003-01-08
西森 丈俊,筑波大学,2003-01-08
久野 靖,筑波大学,2003-01-08
小関 一正,電気通信大学,2003-01-08
安田 絹子,電気通信大学,2003-01-08
多田 好克,電気通信大学/産総研サイバーアシスト研究センタ,2003-01-08
西尾 泰和,京都大学,2003-01-08
比戸 将平,京都大学,2003-01-08
和田 健之介,アントラッド,2003-01-08
和田 佳子,アントラッド,2003-01-08
池村 淑道,国立遺伝学研究所,2003-01-08
金谷 重彦,奈良先端科学技術大学院大学,2003-01-08
川島 英之,慶應義塾大学,2003-01-08
五島 洋行,日本総合研究所,2003-01-08
増田 士朗,都立科学技術大学,2003-01-08
五島 洋行,日本総合研究所,2003-01-08
竹内 敬二,白山工業,2003-01-08
西澤 邦彦,白山工業,2003-01-08
池田 剛,東京農工大学,2003-01-08
乾 伸雄,東京農工大学,2003-01-08
小谷 善行,東京農工大学,2003-01-08
岡田 健,慶應義塾大学,2003-01-08
中鉢 欣秀,慶應義塾大学,2003-01-08
鈴木 弘,東京都立航空工業高等専門学校,2003-01-08
大岩 元,慶應義塾大学,2003-01-08
梅村 恭司,豊橋技術科学大学,2003-01-08
山本 英子,通信総合研究所,2003-01-08
中森 眞理雄,東京農工大学,2003-01-08
福嶋 淳,東京農工大学,2003-01-08
村松 英二,東京農工大学,2003-01-08
永安 悟史,慶應義塾大学大学院,2003-01-08
今野 浩,中央大学,2003-01-08
吉岡 弘隆,ミラクル・リナックス株式会社,2003-01-08
渡辺 宙志,東京大学,2003-01-08
鈴木 将,東京大学,2003-01-08
山崎 淳之介,東京大学,2003-01-08
湯川 諭,東京大学,2003-01-08
伊藤 伸泰,東京大学,2003-01-08
繁富 利恵,津田塾大学,2003-01-08
小川 貴英,津田塾大学,2003-01-08
副田 俊介,東京大学,2003-01-08
疋田 敏朗,東京大学,2003-01-08
竹辺 靖昭,コグニティブリサーチラボ株式会社,2003-01-08
伊藤 一成,慶應義塾大学大学院,2003-01-08
松井 洋,慶應義塾大学大学院,2003-01-08
白井 智,東芝研究開発センター,2003-01-08
外山 春彦,東芝研究開発センター,2003-01-08
矢尾 浩,東芝研究開発センター,2003-01-08
金井 達徳,東芝研究開発センター,2003-01-08
中鉢 欣秀,慶應義塾大学,2003-01-08
松澤 芳昭,慶應義塾大学 環境情報学部,2003-01-08
大岩 元,慶應義塾大学,2003-01-08
伊知地 宏,ラムダ数学教育研究所,2003-01-08
倉部 淳,フロンテッジ・レーザーフィッシュ,2003-01-08
高岡 詠子,千歳科学技術大学,2003-01-08
仙北谷 祐輔,千歳科学技術大学,2003-01-08
小林 宏章,千歳科学技術大学,2003-01-08
鈴木 信吾,千歳科学技術大学,2003-01-08
兼宗 進,筑波大学,2003-01-08
中谷 多哉子,筑波大学,2003-01-08
御手洗 理英,筑波大学,2003-01-08
福井 眞吾,筑波大学,2003-01-08
久野 靖,筑波大学,2003-01-08
中野 瞳,九州芸術工科大学大学院 芸術工学専攻,2003-01-08
堀 良彰,九州芸術工科大学大学院 芸術工学専攻,2003-01-08
河原 一彦,九州芸術工科大学大学院 芸術工学専攻,2003-01-08
平山 善一,九州芸術工科大学大学院 芸術工学専攻,2003-01-08
藤村 直美,九州芸術工科大学大学院 芸術工学専攻,2003-01-08
久野 靖,筑波大学大学院 ビジネス科学研究科,2003-01-08
西森 丈俊,筑波大学大学院 ビジネス科学研究科,2003-01-08
小関 一正,電気通信大学 大学院情報システム学研究科 情報システム設計学専攻 多田研究室,2003-01-08
安田 絹子,電気通信大学 大学院情報システム学研究科 情報システム設計学専攻 多田研究室,2003-01-08
多田 好克,電気通信大学 大学院情報システム学研究科 情報システム設計学専攻 産総研 サイバーアシスト研究センタ,2003-01-08
西尾 泰和,京都大学 工学部 情報学科 数理工学コース,2003-01-08
比戸 将平,京都大学 工学部 情報学科 数理工学コース,2003-01-08
川島 英之,慶應義塾大学大学院理工学研究科,2003-01-08
五島 洋行,日本総合研究所,2003-01-08
増田 士朗,都立科学技術大学,2003-01-08
五島 洋行,日本総合研究所,2003-01-08
竹内 敬二,白山工業,2003-01-08
西澤 邦彦,白山工業,2003-01-08
池田 剛,東京農工大学 工学部 情報コミュニケーション工学科,2003-01-08
乾 伸雄,東京農工大学 工学部 情報コミュニケーション工学科,2003-01-08
小谷 善行,東京農工大学 工学部 情報コミュニケーション工学科,2003-01-08
岡田 健,慶應義塾大学政策メディア研究科,2003-01-08
中鉢 欣秀,慶應義塾大学 政策メディア研究科,2003-01-08
鈴木 弘,慶應義塾大学 政策メディア研究科,2003-01-08
大岩 元,慶應義塾大学 政策メディア研究科,2003-01-08
梅村 恭司,豊橋技術科学大学情報工学系,2003-01-08
中森 眞理雄,東京農工大学工学部,2003-01-08
福嶋 淳,東京農工大学工学部,2003-01-08
村松 英二,東京農工大学工学部,2003-01-08
永安 悟史,慶應義塾大学大学院 政策メディア研究科,2003-01-08
今野 浩,中央大学 理工学部 経営システム工学科,2003-01-08
吉岡 弘隆,ミラクル・リナックス株式会社,2003-01-08
渡辺 宙志,東京大学 工学部 応用物理学科 伊藤伸泰研究室,2003-01-08
繁富 利恵,津田塾大学,2003-01-08
小川 貴英,津田塾大学,2003-01-08
副田 俊介,東京大学,2003-01-08
疋田 敏朗,東京大学,2003-01-08
竹辺 靖昭,コグニティブリサーチラボ株式会社,2003-01-08
松井 洋,慶應義塾大学大学院 理工学研究科,2003-01-08
伊藤 一成,慶應義塾大学大学院 理工学研究科,2003-01-08
白井 智,東芝研究開発センター,2003-01-08
外山 春彦,東芝研究開発センター,2003-01-08
矢尾 浩,東芝研究開発センター,2003-01-08
金井 達徳,東芝研究開発センター,2003-01-08
中鉢 欣秀,慶應義塾大学 環境情報学部,2003-01-08
伊知地 宏,ラムダ数学教育研究所,2003-01-08
倉部 淳,フロンテッジ・レーザーフィッシュ,2003-01-08
前田 敦司,筑波大,2004-01-07
伊藤 一成,慶應義塾大学大学院 理工学研究科,2004-01-07
松山 啓太,慶應義塾大学政策 メディア研究科,2004-01-07
北川 和裕,慶應義塾大学政策 メディア研究科,2004-01-07
斎藤 信男,慶應義塾大学政策 メディア研究科,2004-01-07
田中 充,創価大学 工学研究科,2004-01-07
勅使河原 可海,創価大学 工学研究科,2004-01-07
湯浅 太一,京大,2004-01-07
鴨志田 良和,東京大学 大学院情報理工学系研究科 電子情報学専攻,2004-01-07
川崎 進一郎,日立製作所 システム開発研究所,2004-01-07
北川 健二,日立製作所 システム開発研究所,2004-01-07
里山 元章,日立製作所 システム開発研究所,2004-01-07
佐藤 未来子,東京農工大学 大学院工学研究科,2004-01-07
笹田 耕一,東京農工大学 大学院工学研究科,2004-01-07
加藤 義人,東京農工大学 大学院工学研究科,2004-01-07
大和 仁典,東京農工大学 大学院工学研究科,2004-01-07
中條 拓伯,東京農工大学 大学院工学研究科,2004-01-07
並木 美太郎,東京農工大学 大学院工学研究科,2004-01-07
湯淺 太一,京都大学 大学院情報学研究科,2004-01-07
佐藤 威,千歳科学技術大学 光応用システム学科 高岡研究室,2004-01-07
青山 朋史,千歳科学技術大学 光応用システム学科 高岡研究室,2004-01-07
渡部 彰,千歳科学技術大学 光応用システム学科 高岡研究室,2004-01-07
高岡 詠子,千歳科学技術大学 光応用システム学科 高岡研究室,2004-01-07
白井 智,東芝 研究開発センター コンピュータ・ネットワークラボラトリー,2004-01-07
古宇田 フミ子,東京大学 情報理工系研究科 新領域創成科学研究科,2004-01-07
近山 隆,東京大学 情報理工系研究科 新領域創成科学研究科,2004-01-07
今城 哲二,日立製作所,2004-01-07
久野 靖,筑波大,2004-01-07
Shunsuke Soeda,University of Tokyo,2004-01-07
Rie Shigetomi,University of Tokyo,2004-01-07
Yoshiki Hayashi,University of Tokyo,2004-01-07
Kiminori Matsuzaki,University of Tokyo,2004-01-07
Asuka Nakamura,Tsuda College,2004-01-07
Kyoko Mikami,Tsuda College,2004-01-07
佐渡 一広,群馬大,2004-01-07
梶山 朋子,慶應義塾大学大学院 理工学研究科 開放環境科学専攻,2004-01-07
小川 貴英,津田塾大学 学芸学部 情報数理科学科,2004-01-07
大野 義夫,慶應義塾大学大学院 理工学研究科 開放環境科学専攻,2004-01-07
小林 正朋,東京大学,2004-01-07
小用 謙司,JR東日本,2004-01-07
高田 正之,江戸川大,2004-01-07
高井 朋幸,電気通信大学大学院 情報工学科,2004-01-07
清木 昌,東京大学大学院 情報理工学系研究科コンピュータ科学専攻,2004-01-07
楠 房子,多摩美術大学,2004-01-07
八尾彬子,公立はこだて未来大学 システム情報科学部 情報アーキテクチャ学科 木村研究室,2004-01-07
原田 康徳,NTT コミュニケーション科学基礎研究所,2004-01-07
加藤 美由紀,多摩美術大学,2004-01-07
矢吹 道郎,明星大,2004-01-07
前野 年紀,東京工業大学 原子炉工学研究所,2004-01-07
登 大遊,筑波大学 第三学群情報学類,2004-01-07
安田 絹子,電通大,2004-01-07
進 博正,東芝 研究開発センター システム技術ラボラトリー,2004-01-07
坂本 英夫,東芝 研究開発センター システム技術ラボラトリー,2004-01-07
竹内 一弓,電気通信大学大学院 電気通信学研究科 情報工学専攻 中山研究室,2004-01-07
笹田 耕一,東京農工大学,2005-01-11
福田 明香,三菱電機株式会社,2005-01-11
松井 充,三菱電機株式会社,2005-01-11
濱田 剛,理化学研究所,2005-01-11
中里 直人,理化学研究所,2005-01-11
千葉 雄司,日立製作所,2005-01-11
岡本 圭司,奈良先端科学技術大学院大学,2005-01-11
玉田 春昭,奈良先端科学技術大学院大学,2005-01-11
中村 匡秀,奈良先端科学技術大学院大学,2005-01-11
門田 暁人,奈良先端科学技術大学院大学,2005-01-11
松本 健一,奈良先端科学技術大学院大学,2005-01-11
玉田 春昭,奈良先端科学技術大学院大学,2005-01-11
門田 暁人,奈良先端科学技術大学院大学,2005-01-11
中村 匡秀,奈良先端科学技術大学院大学,2005-01-11
松本 健一,奈良先端科学技術大学院大学,2005-01-11
松澤 芳昭,慶應義塾大学,2005-01-11
杉浦 学,慶應義塾大学,2005-01-11
大岩 元,慶應義塾大学,2005-01-11
Janmisy Pattamon,豊橋技術科学大学,2005-01-11
金谷 敦志,豊橋技術科学大学,2005-01-11
梅村 恭司,豊橋技術科学大学,2005-01-11
古田 輝孝,株式会社ＮＴＴデータ東海,2005-01-11
櫻井 潤児,株式会社ＮＴＴデータ東海,2005-01-11
木村 通男,浜松医科大学,2005-01-11
並木 美太郎,東京農工大学,2005-01-11
小高 健二,東京農工大学,2005-01-11
阿部 大将,東京農工大学,2005-01-11
山口 真吾,東京農工大学,2005-01-11
赤川 直人,東京大学,2005-01-11
吉川 美奈子,有限会社ポジティブエッジ,2005-01-11
原 陽一,株式会社サーバードメイン,2005-01-11
池田 剛,東京農工大学,2005-01-11
小谷 善行,東京農工大学,2005-01-11
坂本 大介,公立はこだて未来大学,2005-01-11
小野 哲雄,公立はこだて未来大学,2005-01-11
杉浦 学,慶應義塾大学,2005-01-11
松澤 芳昭,慶應義塾大学,2005-01-11
大岩 元,慶應義塾大学,2005-01-11
小林 由佳,函館工業高等専門学校,2005-01-11
石若 裕子,函館工業高等専門学校,2005-01-11
岡田 健,慶應義塾大学,2005-01-11
大岩 元,慶應義塾大学,2005-01-11
和田 英一,IIJ技術研究所,2005-01-11
松浦 知史,奈良先端科学技術大学院大学,2005-01-11
新井 イスマイル,奈良先端科学技術大学院大学,2005-01-11
中村 豊,奈良先端科学技術大学院大学,2005-01-11
藤川 和利,奈良先端科学技術大学院大学,2005-01-11
砂原 秀樹,奈良先端科学技術大学院大学,2005-01-11
斎藤 充治,奈良先端科学技術大学院大学,2005-01-11
戸邊 論,奈良先端科学技術大学院大学,2005-01-11
植原 啓介,慶応義塾大学,2005-01-11
砂原 秀樹,奈良先端科学技術大学院大学,2005-01-11
大平 貴之,プラネタリウム開発者,2005-01-11
大谷 淳平,株式会社 アントラッド,2005-01-11
滝田 裕,電気通信大学,2005-01-11
多田 好克,電気通信大学,2005-01-11
原田 康徳,NTT,2005-01-11
水口 充,情報通信研究機構,2005-01-11
中島 伸介,情報通信研究機構,2005-01-11
中村 聡史,情報通信研究機構,2005-01-11
田中 克己,情報通信研究機構,2005-01-11
武田 善行,豊橋技術科学大学,2005-01-11
梅村 恭司,豊橋技術科学大学,2005-01-11
中村 純平,東京農工大学,2005-01-11
乾 伸雄,東京農工大学,2005-01-11
小谷 善行,東京農工大学,2005-01-11
馬場 伊美子,東北大学,2005-01-11
中森 眞理雄,東京農工大学,2005-01-11
中條 拓伯,東京農工大学,2005-01-11
小谷 善行,東京農工大学,2005-01-11
辰己 丈夫,東京農工大学,2005-01-11
金子 敬一,東京農工大学,2005-01-11
並木 美太郎,東京農工大学,2005-01-11
品野 勇治,東京農工大学,2005-01-11
岩崎 英哉,電通大,2006-01-10
中村 嘉志,産業技術総合研究所,2006-01-10
並松 祐子,産業技術総合研究所,2006-01-10
宮崎 伸夫,産業技術総合研究所,2006-01-10
松尾 豊,産業技術総合研究所,2006-01-10
西村 拓一,産業技術総合研究所,2006-01-10
岩井 貴史,慶應義塾大学,2006-01-10
植村 さおり,慶應義塾大学,2006-01-10
三浦 隆隆,慶應義塾大学,2006-01-10
奥田 敦,慶應義塾大学,2006-01-10
大澤 亮,慶應義塾大学,2006-01-10
高汐 一紀,慶應義塾大学,2006-01-10
徳田 英幸,慶應義塾大学,2006-01-10
野田 五十樹,産総研,2006-01-10
北川 健司,株式会社アルファシステムズ,2006-01-10
丹 英之,株式会社アルファシステムズ,2006-01-10
阿部 大将,株式会社アルファシステムズ,2006-01-10
千葉 大作,株式会社アルファシステムズ,2006-01-10
須崎 有康,株式会社アルファシステムズ,2006-01-10
飯島 賢吾,株式会社アルファシステムズ,2006-01-10
八木 豊志樹,株式会社アルファシステムズ,2006-01-10
八木 豊志樹,産業技術総合研究所,2006-01-10
須崎 有康,産業技術総合研究所,2006-01-10
後藤 和弘,産業技術総合研究所,2006-01-10
飯島 賢吾,産業技術総合研究所,2006-01-10
丹 英之,産業技術総合研究所,2006-01-10
上田 真史,電気通信大学,2006-01-10
竹内 郁雄,電気通信大学,2006-01-10
増井 俊之,産総研,2006-01-10
井上 恭輔,津山工業高等専門学校,2006-01-10
小野 琢也,津山工業高等専門学校,2006-01-10
山下 桂司,津山工業高等専門学校,2006-01-10
野田 昌弘,津山工業高等専門学校,2006-01-10
岡田 正,津山工業高等専門学校,2006-01-10
寺元 貴幸,津山工業高等専門学校,2006-01-10
原田 康徳,NTT CS研,2006-01-10
阿部 洋丈,科学技術振興機構,2006-01-10
入江 道生,電気通信大学,2006-01-10
中山 泰一,電気通信大学,2006-01-10
原 大輔,電気通信大学,2006-01-10
中山 泰一,電気通信大学,2006-01-10
和田 英一,IIJ,2006-01-10
生田 幸士,名古屋大学,2006-01-10
伊知地 宏,ラムダ数学教育研究所,2006-01-10
西野 順二,電気通信大学,2006-01-10
久保 長徳,電気通信大学,2006-01-10
中島 智晴,電気通信大学,2006-01-10
下羅 弘樹,電気通信大学,2006-01-10
藤井 大輔,RED-ZONE SOFT,2006-01-10
澤口 徹,RED-ZONE SOFT,2006-01-10
砂原 秀樹,奈良先端大,2006-01-10
川口 耕介,Sun Microsystems,2006-01-10
川口 耕介,Inc.,2006-01-10
山本 大祐,東海大学,2006-01-10
並木 美太郎,農工大,2006-01-10
高橋 俊成,株式会社 東芝,2006-01-10
梅澤 健太郎,株式会社 東芝,2006-01-10
斎田 佳輝,奈良先端科学技術大学院大学,2006-01-10
森島 直人,奈良先端科学技術大学院大学,2006-01-10
砂原 秀樹,奈良先端科学技術大学院大学,2006-01-10
横山大作,東大,2006-01-10
服部 健太,株式会社システム計画研究所,2006-01-10
笹山 琴由,奈良女子大学,2006-01-10
野口 真理子,奈良女子大学,2006-01-10
藤本 尚子,奈良女子大学,2006-01-10
鴨 浩靖,奈良女子大学,2006-01-10
新出 尚之,奈良女子大学,2006-01-10
高岡 詠子,千歳科学技術大学,2006-01-10
石井 和佳奈,千歳科学技術大学,2006-01-10
粕川 正充,お茶の水女子大学,2006-01-10
後藤 祐一,埼玉大学,2006-01-10
遠藤 匠,埼玉大学,2006-01-10
染谷 雅美,埼玉大学,2006-01-10
高橋 勲男,埼玉大学,2006-01-10
程 京徳,埼玉大学,2006-01-10
宇田 道信,電気通信大学,2006-01-10
田島 英朗,東京工業大学,2006-01-10
鈴木 裕之,東京工業大学,2006-01-10
小尾 高史,東京工業大学,2006-01-10
山口 雅浩,東京工業大学,2006-01-10
大山 永昭,東京工業大学,2006-01-10
松田 徹也,松江工業高等専門学校,2006-01-10
清水 章史,松江工業高等専門学校,2006-01-10
青山 博一,松江工業高等専門学校,2006-01-10
原 元司,松江工業高等専門学校,2006-01-10
久井 亨,コールドブレス有限会社,2006-01-10
花岡 健介,早稲田大学,2006-01-10
高木 綾子,早稲田大学,2006-01-10
田村 真浩,早稲田大学,2006-01-10
片桐 誉裕,九州大学,2006-01-10
野田 厚志,九州大学,2006-01-10
北須賀 輝明,九州大学,2006-01-10
久住 憲嗣,九州大学,2006-01-10
福田 晃,九州大学,2006-01-10
田代 直之,九州大学,2006-01-10
島田 敬士,九州大学,2006-01-10
菅沼 明,九州大学,2006-01-10
山崎 秀輔,大阪大学,2006-01-10
尾内 理紀夫,電気通信大学,2007-01-09
櫻井 洋一郎,東京大学,2007-01-09
笹田 耕一,東京大学,2007-01-09
神部 美夫,日立ソフト,2007-01-09
竹内 郁雄,東京大学,2007-01-09
大澤 博隆,慶應義塾大学,2007-01-09
井上 恭輔,津山工業高等専門学校,2007-01-09
上田 真史,東京大学,2007-01-09
竹内 郁雄,東京大学,2007-01-09
原田 康徳,日本電信電話株式会社,2007-01-09
大澤 昇平,福島工業高等専門学校,2007-01-09
松田 幸子,電気通信大学,2007-01-09
犬塚 敦史,電気通信大学,2007-01-09
林 貴宏,電気通信大学,2007-01-09
尾内 理紀夫,電気通信大学,2007-01-09
岩崎 英哉,電気通信大学,2007-01-09
前野 年紀,東京工業大学,2007-01-09
鈴木 常彦,中京大学,2007-01-09
古橋 貞之,筑波大学,2007-01-09
洞井 晋一,奈良先端科学技術大学院大学,2007-01-09
松浦 知史,奈良先端科学技術大学院大学,2007-01-09
藤川 和利,奈良先端科学技術大学院大学,2007-01-09
砂原 秀樹,奈良先端科学技術大学院大学,2007-01-09
湯浦 克彦,日立コンサルティング,2007-01-09
高嶋 活輝,電気通信大学,2007-01-09
鈴木 貢,電気通信大学,2007-01-09
中山 泰一,電気通信大学,2007-01-09
藤 秀義,千葉大学,2007-01-09
辰巳 絢子,千葉大学,2007-01-09
岩本 光司,千葉大学,2007-01-09
星野 忠次,千葉大学,2007-01-09
和田 英一,IIJ,2007-01-09
後藤 真孝,産業技術総合研究所,2007-01-09
小出 洋,九州工業大学,2007-01-09
黄 隆裕,埼玉大学,2007-01-09
三廻部 大,埼玉大学,2007-01-09
小林 大祐,埼玉大学,2007-01-09
長 慎也,一橋大学,2007-01-09
兼宗 進,一橋大学,2007-01-09
並木 美太郎,東京農工大学,2007-01-09
松本 知大,富山県立大学,2007-01-09
久保 類,日本電信電話株式会社,2007-01-09
田村 芳明,日本電信電話株式会社,2007-01-09
天海 良治,日本電信電話株式会社,2007-01-09
佐藤 孝治,日本電信電話株式会社,2007-01-09
小西 隆介,日本電信電話株式会社,2007-01-09
木原 誠司,日本電信電話株式会社,2007-01-09
盛合 敏,日本電信電話株式会社,2007-01-09
中山 泰一,電気通信大学,2007-01-09
藤村 直美,九州大学,2007-01-09
花井 綾子,九州大学,2007-01-09
西田 健志,東京大学,2007-01-09
五十嵐 健夫,東京大学,2007-01-09
片平 翔,電気通信大学,2007-01-09
林 貴宏,電気通信大学,2007-01-09
尾内 理紀夫,電気通信大学,2007-01-09
安田 絹子,フィックスターズ,2007-01-09
今岡 干城,電気通信大学,2007-01-09
林 貴宏,電気通信大学,2007-01-09
尾内 理紀夫,電気通信大学,2007-01-09
梶原 広輝,同志社大学,2007-01-09
廣安 知之,同志社大学,2007-01-09
三木 光範,同志社大学,2007-01-09
粕川 正充,お茶の水女子大学,2007-01-09
伊藤 隆朗,筑波大学,2007-01-09
當間 雅,豊橋技術科学大学,2007-01-09
梅村 恭司,豊橋技術科学大学,2007-01-09
平田 勝大,豊橋技術科学大学,2007-01-09
関根 聡,豊橋技術科学大学,2007-01-09
梅村 恭司,豊橋技術科学大学,2007-01-09
高野 保真,電気通信大学,2007-01-09
栗川 洋平,電気通信大学,2007-01-09
越智 悠太,東京工業大学,2007-01-09
柏村 俊太朗,電気通信大学,2007-01-09
寺田 実,電気通信大学,2007-01-09
猪子 徹,北海道大学,2007-01-09
木村 将希,北海道大学,2007-01-09
牧 大介,電気通信大学,2008-01-08
岩崎 英哉,電気通信大学,2008-01-08
長 慎也,一橋大学,2008-01-08
兼宗 進,一橋大学,2008-01-08
丹野 治門,電気通信大学,2008-01-08
副田 俊介,産総研,2008-01-08
繁富 利恵,産総研,2008-01-08
五嶋 宏通,東京大学,2008-01-08
服部 健太,東京大学,2008-01-08
松本 昌憲,東京大学,2008-01-08
八木原 勇太,電気通信大学,2008-01-08
寺田 実,電気通信大学,2008-01-08
前田 敦司,筑波大学,2008-01-08
水島 宏太,筑波大学,2008-01-08
田中 哲,産総研,2008-01-08
荒川 淳平,東京大学,2008-01-08
淺川 浩紀,東京大学,2008-01-08
川俣 洋次郎,東京大学,2008-01-08
浅川 浩紀,東京大学,2008-01-08
荒川 淳平,東京大学,2008-01-08
和田 英一,IIJ,2008-01-08
石川正俊,東京大学,2008-01-08
大島 聡史,電気通信大学,2008-01-08
平澤 将一,電気通信大学,2008-01-08
本多 弘樹,電気通信大学,2008-01-08
上野 康平,千葉大学,2008-01-08
木村 彰吾,電気通信大学,2008-01-08
林 貴宏,電気通信大学,2008-01-08
尾内 理紀夫,電気通信大学,2008-01-08
上田 真史,東京大学,2008-01-08
伊神 徹,電気通信大学,2008-01-08
林 貴宏,電気通信大学,2008-01-08
尾内 理紀夫,電気通信大学,2008-01-08
村脇 有吾,京都大学,2008-01-08
大浦裕太,熊本大学,2008-01-08
松崎 泰裕,東京農工大学,2008-01-08
長 慎也,一橋大学,2008-01-08
兼宗 進,一橋大学,2008-01-08
並木 美太郎,東京農工大学,2008-01-08
粕川 正充,お茶の水女子大学,2008-01-08
中山 心太,電気通信大学,2008-01-08
脇坂 彰人,電気通信大学,2008-01-08
角田 博保,電気通信大学,2008-01-08
草野 孔希,電気通信大学,2008-01-08
杉本 晴秀,電気通信大学,2008-01-08
福田 亮平,電気通信大学,2008-01-08
木山 真人,熊本大学,2008-01-08
竹森 彬,熊本大学,2008-01-08
芦原 評,熊本大学,2008-01-08
稲津 和磨,電気通信大学,2009-01-13
上野 大樹,慶應義塾大学,2009-01-13
安村 通晃,慶應義塾大学,2009-01-13
草野 孔希,電気通信大学,2009-01-13
角田 博保,電気通信大学,2009-01-13
赤池 英夫,電気通信大学,2009-01-13
小室 直,電気通信大学,2009-01-13
阿部 公輝,電気通信大学,2009-01-13
木下 正喬,九州工業大学,2009-01-13
小出 洋,九州工業大学,2009-01-13
松崎 公紀,東京大学,2009-01-13
江本 健斗,東京大学,2009-01-13
湯淺 太一,京都大学,2009-01-13
並木 美太郎,東京農工大学,2009-01-13
久野 靖,筑波大学,2009-01-13
兼宗 進,一橋大学,2009-01-13
早川 栄一,拓殖大学,2009-01-13
小菅 祐史,慶應義塾大学,2009-01-13
松田 聖大,慶應義塾大学,2009-01-13
安村 通晃,慶應義塾大学,2009-01-13
和田 英一,IIJ,2009-01-13
小久保英一郎,国立天文台,2009-01-13
渡辺 義人,アルファシステムズ,2009-01-13
北川 健司,アルファシステムズ,2009-01-13
阿部 大将,アルファシステムズ,2009-01-13
濱野 裕樹,アルファシステムズ,2009-01-13
千葉 大作,アルファシステムズ,2009-01-13
須崎 有康,産業技術総合研究所,2009-01-13
八木 豊志樹,産業技術総合研究所,2009-01-13
前野 年紀,東京工業大学,2009-01-13
梅谷 信行,東京大学,2009-01-13
疋田 敏朗,トヨタIT開発センター,2009-01-13
高橋 幹,トヨタIT開発センター,2009-01-13
吉岡 顕,トヨタIT開発センター,2009-01-13
渡辺 政義,電気通信大学,2009-01-13
林 貴宏,電気通信大学,2009-01-13
尾内 理紀夫,電気通信大学,2009-01-13
佐藤 智大,電気通信大学,2009-01-13
清野 達也,電気通信大学,2009-01-13
林 貴宏,電気通信大学,2009-01-13
尾内 理紀夫,電気通信大学,2009-01-13
長 慎也,一橋大学,2009-01-13
原田 康徳,NTT,2009-01-13
山内 啓史,電気通信大学,2009-01-13
西山 卓志,電気通信大学,2009-01-13
赤池 英夫,電気通信大学,2009-01-13
角田 博保,電気通信大学,2009-01-13
大堀 達也,豊橋技術科学大学,2009-01-13
菊地 誠,豊橋技術科学大学,2009-01-13
齋藤 義文,豊橋技術科学大学,2009-01-13
我妻 裕樹,豊橋技術科学大学,2009-01-13
阿部 洋丈,豊橋技術科学大学,2009-01-13
岡部 正幸,豊橋技術科学大学,2009-01-13
梅村 恭司,豊橋技術科学大学,2009-01-13
我妻 裕樹,豊橋技術科学大学,2009-01-13
阿部 洋丈,豊橋技術科学大学,2009-01-13
岡部 正幸,豊橋技術科学大学,2009-01-13
梅村 恭司,豊橋技術科学大学,2009-01-13
藤原 大輔,豊橋技術科学大学,2009-01-13
菊地 誠,豊橋技術科学大学,2009-01-13
阿部 洋丈,豊橋技術科学大学,2009-01-13
岡部 正幸,豊橋技術科学大学,2009-01-13
梅村 恭司,豊橋技術科学大学,2009-01-13
藤田 晋也,電気通信大学,2009-01-13
赤池 英夫,電気通信大学,2009-01-13
角田 博保,電気通信大学,2009-01-13
三好 健文,東京大学,2009-01-13
加藤 英樹,東京大学,2009-01-13
竹内 郁雄,東京大学,2009-01-13
河野 真治,琉球大学,2010-01-12
太田 篤志,東京農工大学,2010-01-12
並木 美太郎,東京農工大学,2010-01-12
芝 哲史,東京大学,2010-01-12
笹田 耕一,東京大学,2010-01-12
加藤 淳,東京大学,2010-01-12
坂本 大介,東京大学,2010-01-12
五十嵐 健夫,東京大学,2010-01-12
刈川 陽平,九州工業大学,2010-01-12
近藤 秀樹,九州工業大学,2010-01-12
小出 洋,九州工業大学,2010-01-12
宮下 芳明,明治大学,2010-01-12
兼宗 進,大阪電気通信大学,2010-01-12
久野 靖,筑波大学,2010-01-12
小川 美樹,奈良女子大学,2010-01-12
新出 尚之,奈良女子大学,2010-01-12
鴨 浩靖,奈良女子大学,2010-01-12
是川 空,東京農工大学,2010-01-12
小谷 善行,東京農工大学,2010-01-12
和田 英一,IIJ,2010-01-12
細川 瑞彦,情報通信研究機構,2010-01-12
佐藤 喬,電気通信大学,2010-01-12
多田 好克,電気通信大学,2010-01-12
盛合 智紀,東京農工大学,2010-01-12
並木 美太郎,東京農工大学,2010-01-12
久保田 秀和,産業技術総合研究所,2010-01-12
西村 拓一,産業技術総合研究所,2010-01-12
内平 博貴,明治大学,2010-01-12
宮下 芳明,明治大学,2010-01-12
西尾 泰和,サイボウズ・ラボ,2010-01-12
太田 昌孝,東京工業大学,2010-01-12
郷原 浩之,東京大学,2010-01-12
葛上 昌司,情報基盤開発,2010-01-12
川内 見作,東京大学,2010-01-12
味八木 崇,東京大学,2010-01-12
暦本 純一,東京大学,2010-01-12
小林 壮一,電気通信大学,2010-01-12
林 貴宏,新潟大学,2010-01-12
尾内 理紀夫,電気通信大学,2010-01-12
堀内 公平,電気通信大学,2010-01-12
大山 恵弘,電気通信大学,2010-01-12
川端 祥龍,電気通信大学,2010-01-12
片山 育美,多摩美術大学,2010-01-12
大田 昌幸,早稲田大学,2010-01-12
田中 和紀,工学院大学,2010-01-12
坂本 清隆,富士通長野システムエンジニアリング,2010-01-12
大日向 大地,富士通長野システムエンジニアリング,2010-01-12
山浦 和也,富士通長野システムエンジニアリング,2010-01-12
井上 隆広,筑波大学,2010-01-12
美馬 義亮,はこだて未来大学,2011-01-07
増井 俊之,慶應義塾大学,2011-01-07
尾上 徹,豊橋技術科学大学,2011-01-07
梅村 恭司,豊橋技術科学大学,2011-01-07
岡部 正幸,豊橋技術科学大学,2011-01-07
吉田 葵,津田塾大学,2011-01-07
青柳 龍也,津田塾大学,2011-01-07
来住 伸子,津田塾大学,2011-01-07
原田 康徳,NTT,2011-01-07
刈川 陽平,九州工業大学,2011-01-07
近藤 秀樹,九州工業大学,2011-01-07
小出 洋,九州工業大学,2011-01-07
粕川 正充,お茶の水女子大学,2011-01-07
増井 俊之,慶應義塾大学,2011-01-07
中村 嘉志,産業技術総合研究所,2011-01-07
藤沢 和哉,慶應義塾大学,2011-01-07
元良 龍太,慶應義塾大学,2011-01-07
安村 通晃,慶應義塾大学,2011-01-07
長谷部 雅彦,東京大学,2011-01-07
山田 大地,東京大学,2011-01-07
中野 雄介,東京大学,2011-01-07
和久田 龍,東京大学,2011-01-07
薗部 知大,東京大学,2011-01-07
手塚 宏史,東京大学,2011-01-07
稲葉 真理,東京大学,2011-01-07
鈴木 将史,豊橋技術科学大学,2011-01-07
阿部 洋丈,大阪大学,2011-01-07
岡部 正幸,豊橋技術科学大学,2011-01-07
梅村 恭司,豊橋技術科学大学,2011-01-07
増井 俊之,慶應義塾大学,2011-01-07
原田 康徳,NTT,2011-01-07
楊 建星,立命館大学,2011-01-07
白石 和彦,立命館大学,2011-01-07
新井 イスマイル,立命館大学,2011-01-07
西尾 信彦,立命館大学,2011-01-07
和田 英一,IIJ,2011-01-07
金子 知適,東京大学大学院 総合文化研究科,2011-01-07
田中 哲朗,東京大学,2011-01-07
牟田 英正,電気通信大学,2011-01-07
秋山 晴彦,東京農工大学,2011-01-07
是川 空,東京農工大学,2011-01-07
小谷 善行,東京農工大学,2011-01-07
副田 俊介,産業技術総合研究所,2011-01-07
山下 倫央,産業技術総合研究所,2011-01-07
大西 正輝,産業技術総合研究所,2011-01-07
依田 育士,産業技術総合研究所,2011-01-07
野田 五十樹,産業技術総合研究所,2011-01-07
河野 真治,琉球大学,2011-01-07
五味 真幹,電気通信大学,2011-01-07
鵜川 始陽,電気通信大学,2011-01-07
岩崎 英哉,電気通信大学,2011-01-07
吉原 陽香,東京農工大学,2011-01-07
笹田耕一,東京大学,2011-01-07
佐藤 未来子,東京農工大学,2011-01-07
並木美太郎,東京農工大学,2011-01-07
笹田 耕一,東京大学,2011-01-07
鵜川 始陽,電気通信大学,2011-01-07
西ノ原 亮司,九州工業大学,2011-01-07
松浪 拓海,九州工業大学,2011-01-07
小出 洋,九州工業大学,2011-01-07
三好 健文,電気通信大学,2011-01-07
寺田 裕太,電気通信大学,2011-01-07
川島 英之,筑波大学,2011-01-07
吉永 努,電気通信大学,2011-01-07
長 慎也,明星大学,2011-01-07
Wencheng Fang,Saitama University,2011-01-07
Isao Takahashi,Saitama University,2011-01-07
Yuichi Goto,Saitama University,2011-01-07
Jingde Cheng,Saitama University,2011-01-07
新屋 良磨,琉球大学,2011-01-07
河野 真治,琉球大学,2011-01-07
大岩 寛,産業技術総合研究所,2011-01-07
河野 真治,琉球大,2012-01-06
中山 心太,NTT情報流通プラットフォーム研究所,2012-01-06
上西 康太,NTT情報流通プラットフォーム研究所,2012-01-06
三浦 愛美,公立はこだて未来大学,2012-01-06
小田 哲,NTT情報流通プラットフォーム研究所,2012-01-06
岡本 太一,筑波大学,2012-01-06
前田 敦司,筑波大学,2012-01-06
山口 喜教,筑波大学,2012-01-06
三好 健文,電通大,2012-01-06
上野 康平,東京大学,2012-01-06
笹田 耕一,東京大学,2012-01-06
仁科 圭介,東京農工大学,2012-01-06
佐藤 未来子,東京農工大学,2012-01-06
並木 美太郎,東京農工大学,2012-01-06
高橋 一志,東京大学,2012-01-06
笹田 耕一,東京大学,2012-01-06
前田 敦司,筑波大,2012-01-06
三好 健文,電気通信大学,2012-01-06
船田 悟史,株式会社イーツリーズジャパン,2012-01-06
河野 真治,琉球大学,2012-01-06
大城信康,琉球大学,2012-01-06
松崎 公紀,高知工科大,2012-01-06
荒堀 喜貴,電気通信大学,2012-01-06
小宮 常康,電気通信大学,2012-01-06
多田 好克,電気通信大学,2012-01-06
木村 健,東京農工大学,2012-01-06
小谷 善行,東京農工大学,2012-01-06
奥村 貴史,国立保健医療科学院 研究情報センター,2012-01-06
多田 好克,電通大,2012-01-06
和田 英一,IIJイノベーションインスティテュート,2012-01-06
寺田 実,電気通信大学,2012-01-06
荒堀 喜貴,電通大,2012-01-06
長 慎也,明星大学,2012-01-06
森下 敦司,NTTデータ,2012-01-06
疋田敏朗,トヨタITC,2012-01-06
中山 心太,NTT,2012-01-06
竹迫 良範,サイボウズ・ラボ株式会社,2012-01-06
松浪 拓海,九州工業大学,2012-01-06
小出 洋,九州工業大学,2012-01-06
金岡 晃,筑波大学,2012-01-06
加藤 雅彦,株式会社インターネットイニシアティブ,2012-01-06
細部 博史,NII,2012-01-06
伊集院 八郎,近畿大学,2012-01-06
山口 利恵,産業総合研究所,2012-01-06
及川 亮太郎,東京理科大学,2012-01-06
滝本 宗宏,東京理科大学,2012-01-06
新屋 良磨,東京工業大学,2012-01-06
光成 滋生,サイボウズ・ラボ株式会社,2012-01-06
佐々 政孝,東京工業大学,2012-01-06
森山 葵,公立はこだて未来大学,2012-01-06
當眞 大千,琉球大学,2012-01-06
金城 裕,琉球大学,2012-01-06
河野 真治,琉球大学,2012-01-06
鈴木 勇介,慶應義塾大学,2012-01-06
前田 敦司,筑波大学,2013-01-11
河野 真治,琉球大学,2013-01-11
杉本 優,琉球大学,2013-01-11
澄川 靖信,東京理科大学,2013-01-11
滝本 宗宏,東京理科大学,2013-01-11
井出 真広,横浜国立大学,2013-01-11
丸山 一貴,明星大学,2013-01-11
宮田 宏,東京農工大学,2013-01-11
並木 美太郎,東京農工大学,2013-01-11
佐藤未来子,東京農工大学,2013-01-11
高橋 俊成,東芝,2013-01-11
並木 美太郎,東京農工大学,2013-01-11
山田 浩史,東京農工大学,2013-01-11
大島 聡史,東京大学,2013-01-11
Luo Cheng,東京大学,2013-01-11
平澤 将一,東北大学,2013-01-11
片桐 孝洋,東京大学,2013-01-11
須田 礼仁,東京大学,2013-01-11
本多 弘樹,電気通信大学,2013-01-11
加藤 真平,名古屋大学,2013-01-11
清木 昌,,2013-01-11
齋藤 暢郎,九州工業大学,2013-01-11
小出 洋,九州工業大学,2013-01-11
服部 健太,フォースクーナ,2013-01-11
溝江 真也,フォースクーナ,2013-01-11
三角 正樹,フォースクーナ,2013-01-11
辻 尚史,,2013-01-11
野辺 継男,インテル株式会社,2013-01-11
脇田 建,東京工業大学,2013-01-11
中園 亜由美,九州工業大学,2013-01-11
小出 洋,九州工業大学,2013-01-11
韓 宇輝,東京工科大学,2013-01-11
亀田弘之,東京工科大学,2013-01-11
大川 猛,宇都宮大学,2013-01-11
高野 創司,宇都宮大学,2013-01-11
植竹 大地,宇都宮大学,2013-01-11
横田 隆史,宇都宮大学,2013-01-11
大津 金光,宇都宮大学,2013-01-11
馬場 敬信,宇都宮大学,2013-01-11
河野 真治,琉球大学,2013-01-11
川島 英之,筑波大学,2013-01-11
山田 浩史,東京農工大学,2013-01-11
細部 博史,国立情報学研究所,2013-01-11
内田 公太,東京工業大学,2013-01-11
権藤 克彦,東京工業大学,2013-01-11
斎藤 祐一郎,筑波大学,2013-01-11
久野 靖,筑波大学,2013-01-11
田中 哲朗,東京大学,2013-01-11
那須 律政,高知工科大学,2013-01-11
松崎 公紀,高知工科大学,2013-01-11
中野 圭介,電気通信大学,2013-01-11
石井 正樹,横浜国立大学,2013-01-11
養安 元気,横浜国立大学,2013-01-11
井出 真広,横浜国立大学,2013-01-11
菅谷 みどり,横浜国立大学,2013-01-11
倉光 君郎,横浜国立大学,2013-01-11
松村 哲郎,横浜国立大学,2013-01-11
志田 俊介,横浜国立大学,2013-01-11
井出 真広,横浜国立大学,2013-01-11
倉光 君郎,横浜国立大学,2013-01-11
脇田 建,東京工業大学,2013-01-11
甫水 佳奈子,東京工業大学,2013-01-11
佐々木 晃,法政大学,2013-01-11
丸山一貴,明星大学,2014-01-10
原田 康徳,NTT,2014-01-10
田中 翔太郎,電気通信大学,2014-01-10
岡部 誠,電気通信大学,2014-01-10
尾内 理紀夫,電気通信大学,2014-01-10
山口 尊嗣,電気通信大学,2014-01-10
岡部 誠,電気通信大学,2014-01-10
尾内 理紀夫,電気通信大学,2014-01-10
前田 敦司,筑波大学,2014-01-10
佐藤 幸紀,北陸先端科学技術大学院大学,2014-01-10
馬谷 誠二,京都大学,2014-01-10
岡部 究,Metasepi Project,2014-01-10
竹岡 尚三,株式会社アックス,2014-01-10
倉光 君郎,横浜国立大学,2014-01-10
倉光 君郎,科学技術振興機構/CREST,2014-01-10
原田 康徳,NTT,2014-01-10
馬谷 誠二,京都大学,2014-01-10
服部 隆志,慶應義塾大学,2014-01-10
倉光 君郎,横浜国立大学,2014-01-10
若松 悠樹,横浜国立大学,2014-01-10
内田 篤,横浜国立大学,2014-01-10
関口 渚,横浜国立大学,2014-01-10
松村 哲郎,横浜国立大学,2014-01-10
松崎 公紀,高知工科大学,2014-01-10
河野 真治,琉球大学,2014-01-10
服部 隆志,慶應義塾大学,2014-01-10
山田 浩史,東京農工大学,2014-01-10
橘田 頼之,電気通信大学,2014-01-10
鵜川 始陽,電気通信大学,2014-01-10
岩崎 英哉,電気通信大学,2014-01-10
倉光 君郎,横浜国立大学,2014-01-10
若松 悠樹,横浜国立大学,2014-01-10
内田 篤,横浜国立大学,2014-01-10
関口 渚,横浜国立大学,2014-01-10
松村 哲郎,横浜国立大学,2014-01-10
辻 尚史,千葉大学,2014-01-10
杉原 厚吉,明治大学,2014-01-10
竹迫 良範,サイボウズ・ラボ株式会社,2014-01-10
原田 悠我,九州工業大学,2014-01-10
豊田 美咲,九州工業大学,2014-01-10
近藤 秀樹,九州工業大学,2014-01-10
小出 洋,九州工業大学,2014-01-10
鈴木 喜也,電気通信大学,2014-01-10
岡部 誠,電気通信大学,2014-01-10
尾内 理紀夫,電気通信大学,2014-01-10
三好 健文,イーツリーズ・ジャパン,2014-01-10
鵜川 始陽,電気通信大学,2014-01-10
塩出 拓也,広島市立大学,2014-01-10
川端 英之,広島市立大学,2014-01-10
北村 俊明,広島市立大学,2014-01-10
酒井 宏城,東京理科大学,2014-01-10
澄川 靖信,東京理科大学,2014-01-10
滝本 宗宏,東京理科大学,2014-01-10
江本 健斗,九州工業大学,2014-01-10
渡真利 勇飛,琉球大学,2014-01-10
河野 真治,琉球大学,2014-01-10
小久保 翔平,琉球大学,2014-01-10
秋岡 明香,明治大学,2014-01-10
田中 哲朗,東京大学,2015-01-09
大泉 良介,電気通信大学,2015-01-09
岩崎 英哉,電気通信大学,2015-01-09
岡 和人,高知工科大学,2015-01-09
松崎公紀,高知工科大学,2015-01-09
馬谷 誠二,京都大学,2015-01-09
三好 健文,わさらぼ,2015-01-09
山口 凌,九州工業大学,2015-01-09
熊野 修平,九州工業大学,2015-01-09
村上 隆俊,九州工業大学,2015-01-09
小出 洋,九州工業大学,2015-01-09
那須 孝志,東京理科大学,2015-01-09
滝本 宗宏,東京理科大学,2015-01-09
原田 康徳,NTT,2015-01-09
齊藤 光俊,新潟経営大学,2015-01-09
三好 健文,わさらぼ,2015-01-09
林 拓人,筑波大学,2015-01-09
前田 敦司,筑波大学,2015-01-09
山口 凌,九州工業大学,2015-01-09
熊野 修平,九州工業大学,2015-01-09
村上 隆俊,九州工業大学,2015-01-09
小出 洋,九州工業大学,2015-01-09
産一 傑,広島市立大学,2015-01-09
川端 英之,広島市立大学,2015-01-09
北村 俊明,広島市立大学,2015-01-09
大泉 良介,電気通信大学,2015-01-09
岩崎 英哉,電気通信大学,2015-01-09
石川 寛朗,東京大学,2015-01-09
鈴木 宏哉,東京大学,2015-01-09
山口 利恵,東京大学,2015-01-09
岩崎 英哉,電気通信大学,2015-01-09
和田 英一,IIJ技術研究所,2015-01-09
白田 靜哉,,2015-01-09
竹内 郁雄,IPA,2015-01-09
原田 康徳,NTT,2015-01-09
大岩 元,慶応義塾大学,2015-01-09
中鉢欣秀,産業技術大学院大学,2015-01-09
辻 尚史,千葉大学,2015-01-09
山本 喜久,革新的研究開発推進プログラム（ImPACT）,2015-01-09
山本 喜久,スタンフォード大学ギンツトン研究所,2015-01-09
宇都宮 聖子,国立情報学研究所,2015-01-09
中野 圭介,電気通信大学,2015-01-09
門脇 香子,お茶の水女子大学,2015-01-09
浅井 健一,お茶の水女子大学,2015-01-09
林 拓人,筑波大学,2015-01-09
前田 敦司,筑波大学,2015-01-09
石畑 清,明治大学,2015-01-09
疋田 敏朗,トヨタIT開発センター,2015-01-09
柿森 隆生,電気通信大学,2015-01-09
岡部 誠,電気通信大学,2015-01-09
尾内 理紀夫,電気通信大学,2015-01-09
中山 心太,,2015-01-09
山田 浩史,東京農工大学,2015-01-09
松元 拓也,九州工業大学,2015-01-09
三牧 麻美,九州工業大学,2015-01-09
神武 克海,九州工業大学,2015-01-09
小出 洋,九州工業大学,2015-01-09
松宮 遼,電気通信大学,2015-01-09
佐々木 慎,電気通信大学,2015-01-09
高橋 一志,電気通信大学,2015-01-09
高橋 一志,CREST,2015-01-09
大山 恵弘,電気通信大学,2015-01-09
大山 恵弘,CREST,2015-01-09
