天海 良治,夏のプログラミング・シンポジウム2001,座長,2001-08-22
田中 秀和,夏のプログラミング・シンポジウム2001,DTD作成と目的に応じた変換ルールの検討,2001-08-22
梅村 恭司,夏のプログラミング・シンポジウム2001,DTD作成と目的に応じた変換ルールの検討,2001-08-22
寺田 実,夏のプログラミング・シンポジウム2001,プログラムへの自己説明能力の付与,2001-08-22
岩崎 英哉,夏のプログラミング・シンポジウム2001,座長,2001-08-22
横尾 徳保,夏のプログラミング・シンポジウム2001,集合指向言語 MSOL によるマルチメディアデータベースのプログラミング,2001-08-22
小出 洋,夏のプログラミング・シンポジウム2001,集合指向言語 MSOL によるマルチメディアデータベースのプログラミング,2001-08-22
重松 保弘,夏のプログラミング・シンポジウム2001,集合指向言語 MSOL によるマルチメディアデータベースのプログラミング,2001-08-22
原田 康徳,夏のプログラミング・シンポジウム2001,データ抽象のないプログラミング,2001-08-22
小出 洋,夏のプログラミング・シンポジウム2001,座長,2001-08-22
松永 均,夏のプログラミング・シンポジウム2001,ワードパズルについて(仮題),2001-08-22
疋田 敏朗,夏のプログラミング・シンポジウム2001,最長経路問題を全探索で解く〜東京近郊区間最長経路からの挑戦〜,2001-08-22
副田 俊介,夏のプログラミング・シンポジウム2001,最長経路問題を全探索で解く〜東京近郊区間最長経路からの挑戦〜,2001-08-22
横山 大作,夏のプログラミング・シンポジウム2001,コンピュータ将棋プレイヤ「激指」,2001-08-22
鶴岡 慶雅,夏のプログラミング・シンポジウム2001,コンピュータ将棋プレイヤ「激指」,2001-08-22
丸山 孝志,夏のプログラミング・シンポジウム2001,コンピュータ将棋プレイヤ「激指」,2001-08-22
近山 隆,夏のプログラミング・シンポジウム2001,コンピュータ将棋プレイヤ「激指」,2001-08-22
松永 均,夏のプログラミング・シンポジウム2001,座長,2001-08-22
木村 健一,夏のプログラミング・シンポジウム2001,芸術のためのプログラミング,2001-08-22
美馬 義亮,夏のプログラミング・シンポジウム2001,芸術のためのプログラミング,2001-08-22
柳 英克,夏のプログラミング・シンポジウム2001,芸術のためのプログラミング,2001-08-22
松崎 公紀,夏のプログラミング・シンポジウム2001,プログラム設計を支援する学習環境 Soegi,2001-08-22
岩崎 英哉,夏のプログラミング・シンポジウム2001,プログラム設計を支援する学習環境 Soegi,2001-08-22
寺田 実,夏のプログラミング・シンポジウム2001,座長,2001-08-22
首藤 一幸,夏のプログラミング・シンポジウム2001,Java JIT コンパイラの高速化手法,2001-08-22
福地 健太郎,夏のプログラミング・シンポジウム2001,メガデモに見る小手先高速化技術,2001-08-22
竹内 郁雄,夏のプログラミング・シンポジウム2001,Programming on the Noisy SILENT,2001-08-22
天海 良治,夏のプログラミング・シンポジウム2001,Programming on the Noisy SILENT,2001-08-22
山崎 憲一,夏のプログラミング・シンポジウム2001,Programming on the Noisy SILENT,2001-08-22
吉田 雅治,夏のプログラミング・シンポジウム2001,Programming on the Noisy SILENT,2001-08-22
梅村 恭司,夏のプログラミング・シンポジウム2001,座長,2001-08-22
田中 哲朗,夏のプログラミング・シンポジウム2001,座長,2001-08-22
首藤 一幸,夏のプログラミング・シンポジウム2001,座長,2001-08-22
大澤 範高,夏のプログラミング・シンポジウム2001,踊るプログラマ  −  身体を用いたプログラミング,2001-08-22
浅井 紀久夫,夏のプログラミング・シンポジウム2001,踊るプログラマ  −  身体を用いたプログラミング,2001-08-22
杉本 裕二,夏のプログラミング・シンポジウム2001,踊るプログラマ  −  身体を用いたプログラミング,2001-08-22
斎藤 史彦,夏のプログラミング・シンポジウム2001,踊るプログラマ  −  身体を用いたプログラミング,2001-08-22
長 慎也,夏のプログラミング・シンポジウム2001,Tonyu -  アニメーション作成に特化したプログラミング言語と開発ツール,2001-08-22
河野 真治,夏のプログラミング・シンポジウム2001,「旧」PlayStation を使ったプログラミング教育とその結果,2001-08-22
萩谷 昌己,夏のプログラミング・シンポジウム2002,分子コンピューティングのエネルギー,2002-09-18
西川 明男,夏のプログラミング・シンポジウム2002,分子コンピューティングのエネルギー,2002-09-18
佐藤 進也,夏のプログラミング・シンポジウム2002,制約により生じる調和 － 謎の算術生命体ナミーバの組織化,2002-09-18
竹内 郁雄,夏のプログラミング・シンポジウム2002,制約により生じる調和 － 謎の算術生命体ナミーバの組織化,2002-09-18
伊知地 宏,夏のプログラミング・シンポジウム2002,大学１年生へのプログラミング教育の試み,2002-09-18
鈴木 貢,夏のプログラミング・シンポジウム2002,チームワーク志向の学生実験について,2002-09-18
南 宣正,夏のプログラミング・シンポジウム2002,チームワーク志向の学生実験について,2002-09-18
前田 洋一,夏のプログラミング・シンポジウム2002,チームワーク志向の学生実験について,2002-09-18
河野 健二,夏のプログラミング・シンポジウム2002,チームワーク志向の学生実験について,2002-09-18
楯岡 孝道,夏のプログラミング・シンポジウム2002,チームワーク志向の学生実験について,2002-09-18
阿部 公輝,夏のプログラミング・シンポジウム2002,チームワーク志向の学生実験について,2002-09-18
渡邊 坦,夏のプログラミング・シンポジウム2002,チームワーク志向の学生実験について,2002-09-18
寺田 実,夏のプログラミング・シンポジウム2002,ごみ集めのための人工ベンチマーク,2002-09-18
林 芳樹,夏のプログラミング・シンポジウム2002,スタックフレームの情報を用いた世代型ガーベジコレクション,2002-09-18
寺田 実,夏のプログラミング・シンポジウム2002,スタックフレームの情報を用いた世代型ガーベジコレクション,2002-09-18
美馬 義亮,夏のプログラミング・シンポジウム2002,アートプログラミング  (プレゼン資料),2002-09-18
木村 健一,夏のプログラミング・シンポジウム2002,アートプログラミング  (プレゼン資料),2002-09-18
柳 英克,夏のプログラミング・シンポジウム2002,アートプログラミング  (プレゼン資料),2002-09-18
増井 俊之,夏のプログラミング・シンポジウム2002,『置くだけ主義』による情報家電プログラミング,2002-09-18
多田 好克,夏のプログラミング・シンポジウム2002,カーネルとシステムコールを使わないプログラムのプログラミング技法,2002-09-18
鈴木 信吾,夏のプログラミング・シンポジウム2002,非標準的な方法でTeXを利用するプログラミング,2002-09-18
天海 良治,夏のプログラミング・シンポジウム2002,スケーラブルスイッチ Dynatera のドラフィックセンサ,2002-09-18
釘本 健司,夏のプログラミング・シンポジウム2002,スケーラブルスイッチ Dynatera のドラフィックセンサ,2002-09-18
清水 奨,夏のプログラミング・シンポジウム2002,スケーラブルスイッチ Dynatera のドラフィックセンサ,2002-09-18
小出 洋,夏のプログラミング・シンポジウム2002,分散環境における記憶領域資源を考慮するタスクスケジューリング手法,2002-09-18
谷口 慶介,夏のプログラミング・シンポジウム2002,分散環境における記憶領域資源を考慮するタスクスケジューリング手法,2002-09-18
和泉 憲明,夏のプログラミング・シンポジウム2002,資源消費最大化戦略に基づく相互作用モデル : SLIT,2002-09-18
橋本 政朋,夏のプログラミング・シンポジウム2002,資源消費最大化戦略に基づく相互作用モデル : SLIT,2002-09-18
中島 秀之,夏のプログラミング・シンポジウム2002,資源消費最大化戦略に基づく相互作用モデル : SLIT,2002-09-18
上田 和紀,夏のプログラミング・シンポジウム2002,GHC から LMNtal へ,2002-09-18
加藤 紀夫,夏のプログラミング・シンポジウム2002,GHC から LMNtal へ,2002-09-18
原田 康徳,夏のプログラミング・シンポジウム2002,ビジュアル言語の空間問題,2002-09-18
高橋 一男,夏のプログラミング・シンポジウム2002,塗り壁パズル解答プログラム －－ グラフプログラミングの一例,2002-09-18
細川 宣秀,夏のプログラミング・シンポジウム2003,地図への文書自動配置機能を有する空間的文書検索システム,2003-08-20
砂原 秀樹,夏のプログラミング・シンポジウム2003,インターネット自動車が生み出す情報,2003-08-20
佐藤 雅明,夏のプログラミング・シンポジウム2003,インターネット自動車が生み出す情報,2003-08-20
和泉 順子,夏のプログラミング・シンポジウム2003,インターネット自動車が生み出す情報,2003-08-20
植原 啓介,夏のプログラミング・シンポジウム2003,インターネット自動車が生み出す情報,2003-08-20
村井 純,夏のプログラミング・シンポジウム2003,インターネット自動車が生み出す情報,2003-08-20
美馬 秀樹,夏のプログラミング・シンポジウム2003,子供のためのウェブ情報検索支援システム,2003-08-20
尹 泰聖,夏のプログラミング・シンポジウム2003,子供のためのウェブ情報検索支援システム,2003-08-20
寺尾 健一郎,夏のプログラミング・シンポジウム2003,大規模コーパスに対する一般文書頻度の計数手法,2003-08-20
中瀬 健太,夏のプログラミング・シンポジウム2003,ＯＣＲ誤り訂正のための置換ルールの自動生成,2003-08-20
梅村恭司,夏のプログラミング・シンポジウム2003,ＯＣＲ誤り訂正のための置換ルールの自動生成,2003-08-20
鶴岡 慶雅,夏のプログラミング・シンポジウム2003,クラス分布の制約を課したEMアルゴリズムによるラベルなしデータ利用,2003-08-20
斎藤 太郎,夏のプログラミング・シンポジウム2003,XMLトランザクションのためのデータベース設計,2003-08-20
湯浦 克彦,夏のプログラミング・シンポジウム2003,あいまいさを受容したＸＭＬ標準データの処理について,2003-08-20
岸田 正博,夏のプログラミング・シンポジウム2003,スケーラブルなダイナミックなプログラミングによる情報検索システム,2003-08-20
山本 英子,夏のプログラミング・シンポジウム2003,スケーラブルなダイナミックなプログラミングによる情報検索システム,2003-08-20
武並 佳則,夏のプログラミング・シンポジウム2003,スケーラブルなダイナミックなプログラミングによる情報検索システム,2003-08-20
武田 善行,夏のプログラミング・シンポジウム2003,スケーラブルなダイナミックなプログラミングによる情報検索システム,2003-08-20
梅村 恭司,夏のプログラミング・シンポジウム2003,スケーラブルなダイナミックなプログラミングによる情報検索システム,2003-08-20
金子 知適,夏のプログラミング・シンポジウム2003,将棋プログラムにおける大規模棋譜データの利用,2003-08-20
田中 哲郎,夏のプログラミング・シンポジウム2003,将棋プログラムにおける大規模棋譜データの利用,2003-08-20
伊知地 宏,夏のプログラミング・シンポジウム2003,メイルアーカイブからの情報抽出,2003-08-20
木村 通男,夏のプログラミング・シンポジウム2003,電子カルテ情報処理の現状報告,2003-08-20
近山 隆,夏のプログラミング・シンポジウム2003,自然言語テキストの言語知識を用いない類似性判定の試み,2003-08-20
柳内 啓司,夏のプログラミング・シンポジウム2003,自然言語テキストの言語知識を用いない類似性判定の試み,2003-08-20
三輪 誠,夏のプログラミング・シンポジウム2003,自然言語テキストの言語知識を用いない類似性判定の試み,2003-08-20
岡野原 大輔,夏のプログラミング・シンポジウム2003,確率的言語モデルの抽出及びその利用,2003-08-20
山本 英子,夏のプログラミング・シンポジウム2003,Adaptationを利用した同用語の特定,2003-08-20
梅村 恭司,夏のプログラミング・シンポジウム2003,Adaptationを利用した同用語の特定,2003-08-20
真田 亜希子,夏のプログラミング・シンポジウム2003,Adaptationを利用した同用語の特定,2003-08-20
近山 隆,夏のプログラミング・シンポジウム2004,座長,2004-08-22
金子 達也,夏のプログラミング・シンポジウム2004,携帯電話による分散処理実験,2004-08-22
高橋 俊成,夏のプログラミング・シンポジウム2004,メールを受信しないメールサーバ,2004-08-22
多田 好克,夏のプログラミング・シンポジウム2004,IBM-PC上での生プログラム作成法,2004-08-22
伊知地 宏,夏のプログラミング・シンポジウム2004,座長,2004-08-22
山口 陽平,夏のプログラミング・シンポジウム2004,「MINAKA for Java」による対話的メタプログラミング,2004-08-22
西岡 真吾,夏のプログラミング・シンポジウム2004,連想検索ビューワ,2004-08-22
冨永 和人,夏のプログラミング・シンポジウム2004,Poor man's molecular computing,2004-08-22
石畑 清,夏のプログラミング・シンポジウム2004,座長,2004-08-22
Petr Vyskocil,夏のプログラミング・シンポジウム2004,Preprocessing and Segmentation of Text from Images Captured on a Mobile Phone,2004-08-22
服部 隆志,夏のプログラミング・シンポジウム2004,かな漢字変換と類似の操作による正規表現作成支援,2004-08-22
寺田 実,夏のプログラミング・シンポジウム2004,座長,2004-08-22
酒井 香代子,夏のプログラミング・シンポジウム2004,ループで値を入れ替えつつ利用するちょっとしたテクニック,2004-08-22
大駒 誠一,夏のプログラミング・シンポジウム2004,アッと驚くプログラミング,2004-08-22
上田 和紀,夏のプログラミング・シンポジウム2004,プログラムと対称性,2004-08-22
和田 英一,夏のプログラミング・シンポジウム2004,Happy Hacking Keyboardのアニメーション,2004-08-22
紀 信邦,夏のプログラミング・シンポジウム2004,座長,2004-08-22
藤波 順久,夏のプログラミング・シンポジウム2004,整数定数による除算のための最良の命令列生成法,2004-08-22
鈴木 貢,夏のプログラミング・シンポジウム2004,SIMDハッキング,2004-08-22
山之上 卓,夏のプログラミング・シンポジウム2004,テレポーテーションとコンパイラ,2004-08-22
和田 勉,夏のプログラミング・シンポジウム2005,開会の辞,2005-09-20
近山 隆,夏のプログラミング・シンポジウム2005,座長,2005-09-20
竹内 郁雄,夏のプログラミング・シンポジウム2005,プログラミング問題の創造,2005-09-20
湯浦 克彦,夏のプログラミング・シンポジウム2005,情報システム開発におけるプログラマの職能と目指すもの,2005-09-20
紀 信邦,夏のプログラミング・シンポジウム2005,長期保守とプログラムの進化,2005-09-20
横山 大作,夏のプログラミング・シンポジウム2005,座長,2005-09-20
小出 洋,夏のプログラミング・シンポジウム2005,教育用 RISC CPUボートによる計算機の入門教育,2005-09-20
島田 静雄,夏のプログラミング・シンポジウム2005,"易しくないコンピュータプログラミング-7,算術計算と論理計算の入門",2005-09-20
湯浦 克彦,夏のプログラミング・シンポジウム2005,座長,2005-09-20
藤波 順久,夏のプログラミング・シンポジウム2005,モジュール化アセンブラプログラミング,2005-09-20
三輪 誠,夏のプログラミング・シンポジウム2005,プログラムコードの表層的特徴抽出,2005-09-20
並木 美太郎,夏のプログラミング・シンポジウム2005,座長,2005-09-20
寺田 実,夏のプログラミング・シンポジウム2005,実行トレースによるデバッガのナビゲーション,2005-09-20
丸山 一貴,夏のプログラミング・シンポジウム2005,ブラウザ拡張の開発におけるデバッグ手法,2005-09-20
多田 好克,夏のプログラミング・シンポジウム2005,座長,2005-09-20
西岡 真吾,夏のプログラミング・シンポジウム2005,トピックビューワの実装,2005-09-20
並木 美太郎,夏のプログラミング・シンポジウム2005,楽し辛しの携帯電話のプログラミング,2005-09-20
松永 均,夏のプログラミング・シンポジウム2005,座長,2005-09-20
辰己 丈夫,夏のプログラミング・シンポジウム2005,初等中等教育におけるプログラミング,2005-09-20
和田 勉,夏のプログラミング・シンポジウム2005,「究極」の再帰プログラミングの教育法 −自分をでなくコピーを呼び出す、そして壁いちめんの掛図,2005-09-20
伊知地 宏,夏のプログラミング・シンポジウム2005,座長,2005-09-20
大日向 大地,夏のプログラミング・シンポジウム2005,SIMD拡張FIFOLを使った科学技術計算,2005-09-20
山口 文彦,夏のプログラミング・シンポジウム2005,ML で不動点演算子を定義する,2005-09-20
伊知地 宏,夏のプログラミング・シンポジウム2005,再帰プログラムについて,2005-09-20
小出 洋,夏のプログラミング・シンポジウム2005,コスモ・スケジューラD(デモ),2005-09-20
清木 昌,夏のプログラミング・シンポジウム2005,座長,2005-09-20
阿部 正佳,夏のプログラミング・シンポジウム2005,IA64 の命令スケジューリング,2005-09-20
岡野原 大輔,夏のプログラミング・シンポジウム2005,現実的な圧縮全文索引,2005-09-20
竹田 尚彦,夏のプログラミング・シンポジウム2005,座長,2005-09-20
西尾 泰和,夏のプログラミング・シンポジウム2005,プログラミング初学者のための名前空間の可視化,2005-09-20
大岩 元,夏のプログラミング・シンポジウム2005,万人のためのプログラミング,2005-09-20
和田 勉,夏のプログラミング・シンポジウム2005,閉会の辞,2005-09-20
筧 捷彦,夏のプログラミング・シンポジウム2006,開会の辞,2006-09-02
安田 絹子,夏のプログラミング・シンポジウム2006,座長,2006-09-02
山之上 卓,夏のプログラミング・シンポジウム2006,テスラ計画の進捗状況2006 -テレポーテーションは実現できるか？-」,2006-09-02
筒井 保博,夏のプログラミング・シンポジウム2006,テスラ計画の進捗状況2006 -テレポーテーションは実現できるか？-」,2006-09-02
筒井 隆夫,夏のプログラミング・シンポジウム2006,テスラ計画の進捗状況2006 -テレポーテーションは実現できるか？-」,2006-09-02
横山 大作,夏のプログラミング・シンポジウム2006,座長,2006-09-02
服部 隆志,夏のプログラミング・シンポジウム2006,実演によるメタプログラミング,2006-09-02
永井 秀利,夏のプログラミング・シンポジウム2006,ネット公開マルチウィンドウ GUI アプリ用フレームワーク Ruby/TkORCA におけるウィジェット操作権限の分離手法,2006-09-02
西尾 泰和,夏のプログラミング・シンポジウム2006,座長,2006-09-02
丸山 一貴,夏のプログラミング・シンポジウム2006,手書きメモの一覧表示におけるレイアウト手法,2006-09-02
武井 英人,夏のプログラミング・シンポジウム2006,手書きメモの一覧表示におけるレイアウト手法,2006-09-02
寺田 実,夏のプログラミング・シンポジウム2006,手書きメモの一覧表示におけるレイアウト手法,2006-09-02
繁富 利恵,夏のプログラミング・シンポジウム2006,座長,2006-09-02
小田 謙太郎,夏のプログラミング・シンポジウム2006,ロボカップ四足リーグの紹介とそこでの技術,2006-09-02
石野 明,夏のプログラミング・シンポジウム2006,段階的なロボットプログラム開発,2006-09-02
小林 隼人,夏のプログラミング・シンポジウム2006,段階的なロボットプログラム開発,2006-09-02
小出 洋,夏のプログラミング・シンポジウム2006,座長,2006-09-02
瀬古 俊一,夏のプログラミング・シンポジウム2006,ViPPER -ロボットを使用した初等教育向けビジュアルプログラミング-,2006-09-02
山岸 真弓,夏のプログラミング・シンポジウム2006,ViPPER -ロボットを使用した初等教育向けビジュアルプログラミング-,2006-09-02
服部 隆志,夏のプログラミング・シンポジウム2006,ViPPER -ロボットを使用した初等教育向けビジュアルプログラミング-,2006-09-02
萩野 達也,夏のプログラミング・シンポジウム2006,ViPPER -ロボットを使用した初等教育向けビジュアルプログラミング-,2006-09-02
増井 俊之,夏のプログラミング・シンポジウム2006,全世界プログラミング,2006-09-02
田中 二郎,夏のプログラミング・シンポジウム2006,座長,2006-09-02
上野 和風,夏のプログラミング・シンポジウム2006,"ゼリー形状のGUIによる,プログラムの正当性の可視化手法の提案",2006-09-02
柏村 俊太朗,夏のプログラミング・シンポジウム2006,実行トレースの特性を活かしたプログラミング支援,2006-09-02
寺田 実,夏のプログラミング・シンポジウム2006,実行トレースの特性を活かしたプログラミング支援,2006-09-02
和田 英一,夏のプログラミング・シンポジウム2006,中西流「目でみるGC」再現,2006-09-02
三輪 誠,夏のプログラミング・シンポジウム2006,座長,2006-09-02
西岡 真吾,夏のプログラミング・シンポジウム2006,連想計算に基づく分散型知識共有プラットフォーム,2006-09-02
河村 知行,夏のプログラミング・シンポジウム2006,もう一度人工知能,2006-09-02
筧 一彦,夏のプログラミング・シンポジウム2006,座長,2006-09-02
長 慎也,夏のプログラミング・シンポジウム2006,Aroe - AjaxでAjaxを作る,2006-09-02
兼宗 進,夏のプログラミング・シンポジウム2006,Aroe - AjaxでAjaxを作る,2006-09-02
安村 通晃,夏のプログラミング・シンポジウム2006,Programming2.0: ユーザ指向プログラミング環境の構築に向けて,2006-09-02
筧 捷彦,夏のプログラミング・シンポジウム2006,閉会の辞,2006-09-02
角田 博保,夏のプログラミング・シンポジウム2007,座長,2007-08-08
萩谷 昌己,夏のプログラミング・シンポジウム2007,Excelでプログラムを書く,2007-08-08
和田 英一,夏のプログラミング・シンポジウム2007,MMIX cal ハック,2007-08-08
並木 美太郎,夏のプログラミング・シンポジウム2007,座長,2007-08-08
河村 知行,夏のプログラミング・シンポジウム2007,言語処理系学習用言語AIL,2007-08-08
伊知地 宏,夏のプログラミング・シンポジウム2007,初学者に学ばせるプログラミング言語は?,2007-08-08
角田 博保,夏のプログラミング・シンポジウム2007,いまなぜプログラミング離れか,2007-08-08
清木 昌,夏のプログラミング・シンポジウム2007,座長,2007-08-08
尾上 能之,夏のプログラミング・シンポジウム2007,関数「思考」プログラミングのケーススタディ,2007-08-08
近山 隆,夏のプログラミング・シンポジウム2007,"宣言的言語は手続き的であり, 手続き型言語は宣言的である",2007-08-08
丸山 一貴,夏のプログラミング・シンポジウム2007,座長,2007-08-08
西岡 真吾,夏のプログラミング・シンポジウム2007,環境とプログラミング,2007-08-08
服部 隆志,夏のプログラミング・シンポジウム2007,Wikipedia型のプログラミング環境へ向けて,2007-08-08
山口 文彦,夏のプログラミング・シンポジウム2007,座長,2007-08-08
浜地 慎一郎,夏のプログラミング・シンポジウム2007,RubyやPerlやCや機械語でのゴルフについてあれこれ,2007-08-08
三廻部 大,夏のプログラミング・シンポジウム2007,Quick Programming really contradicts Smart Programming?,2007-08-08
坪田 幸司,夏のプログラミング・シンポジウム2007,テプシス・プログラム・コンテスト,2007-08-08
上里 友弥,夏のプログラミング・シンポジウム2007,もっと自由なプログラミングコンテストを学生に,2007-08-08
寺田 実,夏のプログラミング・シンポジウム2007,座長,2007-08-08
藤波 順久,夏のプログラミング・シンポジウム2007,パワーオンBASICとマシン語モニタ,2007-08-08
田中 二郎,夏のプログラミング・シンポジウム2007,"BASIC, ときどき機械語",2007-08-08
前田 敦司,夏のプログラミング・シンポジウム2007,座長,2007-08-08
並木 美太郎,夏のプログラミング・シンポジウム2007,私のプログラミング原体験 ～EDSACのイニシアルオーダ～,2007-08-08
大駒 誠一,夏のプログラミング・シンポジウム2007,ETL-MARK2のプログラム,2007-08-08
竹内 郁夫,夏のプログラミング・シンポジウム2007,座長,2007-08-08
酒徳 峰章,夏のプログラミング・シンポジウム2007,「なでしこ/葵」ではじめる日本語プログラミング言語,2007-08-08
馬場 祐人,夏のプログラミング・シンポジウム2007,日本語プログラミングにおける識別子のネーミング規則の試行,2007-08-08
西尾 泰和,夏のプログラミング・シンポジウム2008,"品があるHello,world!",2008-09-06
三廻部 大,夏のプログラミング・シンポジウム2008,he design of everyday codes,2008-09-06
和田 英一,夏のプログラミング・シンポジウム2008,TAOCPの英語アルゴリズムのSchemeへの変換法,2008-09-06
筧 一彦,夏のプログラミング・シンポジウム2008,プログラムと美学,2008-09-06
粕川 正充,夏のプログラミング・シンポジウム2008,"プロセッサ,OS,ユーザーインタフェースに品格は必要か?",2008-09-06
伊知地 宏,夏のプログラミング・シンポジウム2008,エレガントなプログラムを求む,2008-09-06
岡田 健,夏のプログラミング・シンポジウム2008,日本語プログラミング言語の品格,2008-09-06
副田 俊介,夏のプログラミング・シンポジウム2008,知的ゲームの品格とゲームプレイングプログラムの品格,2008-09-06
小町 守,夏のプログラミング・シンポジウム2008,あいまいな日本語のかな漢字変換,2008-09-06
森 信介,夏のプログラミング・シンポジウム2008,あいまいな日本語のかな漢字変換,2008-09-06
徳永 拓之,夏のプログラミング・シンポジウム2008,あいまいな日本語のかな漢字変換,2008-09-06
西岡 真吾,夏のプログラミング・シンポジウム2008,連想検索サーバGETAssocとその応用,2008-09-06
見上 英里,夏のプログラミング・シンポジウム2008,プログラミング初心者教育における文章能力の関係,2008-09-06
来住 伸子,夏のプログラミング・シンポジウム2008,プログラミング初心者教育における文章能力の関係,2008-09-06
小川 貴英,夏のプログラミング・シンポジウム2008,プログラミング初心者教育における文章能力の関係,2008-09-06
服部 隆志,夏のプログラミング・シンポジウム2008,初心者教育に適したサンプルプログラムの書き方,2008-09-06
角田 博保,夏のプログラミング・シンポジウム2008,基礎的プログラムの品格について,2008-09-06
久保 裕也,夏のプログラミング・シンポジウム2008,モジュール的発想にもとづく学校評価体制のリファクタリング,2008-09-06
大岩 寛,夏のプログラミング・シンポジウム2008,昨今のプログラミングとセキュリティ脆弱性,2008-09-06
繁富 利恵,夏のプログラミング・シンポジウム2008,昨今のプログラミングとセキュリティ脆弱性,2008-09-06
斉藤 賢爾,夏のプログラミング・シンポジウム2008,"良く書かれたコンピュータソフトウェアは,人間になることができる.真か偽か?",2008-09-06
横山 大作,夏のプログラミング・シンポジウム2009,ロボットと計算機の界面におけるプログラミング,2009-08-31
早川 栄一,夏のプログラミング・シンポジウム2009,組込みシステムのプログラミングインタフェース,2009-08-31
奥村 祐気,夏のプログラミング・シンポジウム2009,デバイスとアプリの間にプロトコル記述言語,2009-08-31
佐藤 喬,夏のプログラミング・シンポジウム2009,デバイスとアプリの間にプロトコル記述言語,2009-08-31
多田 好克,夏のプログラミング・シンポジウム2009,デバイスとアプリの間にプロトコル記述言語,2009-08-31
竹内 郁雄,夏のプログラミング・シンポジウム2009,プロトコル指向プログラミングとは?,2009-08-31
下羅 弘樹,夏のプログラミング・シンポジウム2009,XML データのための階層構造インターフェース,2009-08-31
野田 五十樹,夏のプログラミング・シンポジウム2009,XML データのための階層構造インターフェース,2009-08-31
西尾 泰和,夏のプログラミング・シンポジウム2009,最中限生態系のためのインターフェイス,2009-08-31
粕川 正充,夏のプログラミング・シンポジウム2009,遠隔植物育成ツールの作成と情報的疎遠度の提案,2009-08-31
渡邉 朋子,夏のプログラミング・シンポジウム2009,遠隔植物育成ツールの作成と情報的疎遠度の提案,2009-08-31
原田 康徳,夏のプログラミング・シンポジウム2009,子ども向けインタフェースの新しい視点,2009-08-31
大塚 めぐみ,夏のプログラミング・シンポジウム2009,schemeを用いた動的なwebサイトの作成例,2009-08-31
粕川 正充,夏のプログラミング・シンポジウム2009,schemeを用いた動的なwebサイトの作成例,2009-08-31
和田 英一,夏のプログラミング・シンポジウム2009,TeleEval---iPhone/iPod touchからLispを使う法,2009-08-31
前田 敦司,夏のプログラミング・シンポジウム2009,計算資源の配分に関するプログラム間のインターフェース,2009-08-31
平石 拓,夏のプログラミング・シンポジウム2009,高生産並列スクリプト言語Xcrtptの開発,2009-08-31
安部 達也,夏のプログラミング・シンポジウム2009,高生産並列スクリプト言語Xcrtptの開発,2009-08-31
三宅 洋平,夏のプログラミング・シンポジウム2009,高生産並列スクリプト言語Xcrtptの開発,2009-08-31
岩下 武史,夏のプログラミング・シンポジウム2009,高生産並列スクリプト言語Xcrtptの開発,2009-08-31
中島 浩,夏のプログラミング・シンポジウム2009,高生産並列スクリプト言語Xcrtptの開発,2009-08-31
近藤 秀樹,夏のプログラミング・シンポジウム2009,予定ベースの計算機フロントエンド,2009-08-31
刈川 陽平,夏のプログラミング・シンポジウム2009,予定ベースの計算機フロントエンド,2009-08-31
小出 洋,夏のプログラミング・シンポジウム2009,予定ベースの計算機フロントエンド,2009-08-31
副田 俊介,夏のプログラミング・シンポジウム2009,RFIDから連成シミュレーションまで〜CBRテロ被害予測のためのシステム,2009-08-31
山下 倫央,夏のプログラミング・シンポジウム2009,RFIDから連成シミュレーションまで〜CBRテロ被害予測のためのシステム,2009-08-31
野田 五十樹,夏のプログラミング・シンポジウム2009,RFIDから連成シミュレーションまで〜CBRテロ被害予測のためのシステム,2009-08-31
前野 年紀,夏のプログラミング・シンポジウム2009,メイルに代えてwikiを使う --運用と使用の経験--,2009-08-31
鈴木 常彦,夏のプログラミング・シンポジウム2009,メイルに代えてwikiを使う --運用と使用の経験--,2009-08-31
熊谷 摩美子,夏のプログラミング・シンポジウム2009,体験情報に関する検索パラダイムの実証研究,2009-08-31
梅村 恭司,夏のプログラミング・シンポジウム2009,体験情報に関する検索パラダイムの実証研究,2009-08-31
増井 俊之,夏のプログラミング・シンポジウム2009,パスワードとの闘い - 悩まない認証インタフェースをめざして,2009-08-31
水島 宏太,夏のプログラミング・シンポジウム2009,JVM LanguagesとJVM - プログラミング言語のプラットフォームとしてのJVM -,2009-08-31
馬谷 誠二,夏のプログラミング・シンポジウム2009,高級アンビエント計算システムを用いた分散プログラミング,2009-08-31
八杉 昌宏,夏のプログラミング・シンポジウム2009,高級アンビエント計算システムを用いた分散プログラミング,2009-08-31
湯淺 太一,夏のプログラミング・シンポジウム2009,高級アンビエント計算システムを用いた分散プログラミング,2009-08-31
田中 哲,夏のプログラミング・シンポジウム2009,言語パターン - 使いやすい言語・ライブラリをデザインする方法,2009-08-31
藤波 順久,夏のプログラミング・シンポジウム2009,複数OSが共有するサービスのインタフェース,2009-08-31
並木 美太郎,夏のプログラミング・シンポジウム2009,生ハード上で動作するオブジェクト指向言語Dolittleの処理系実装〜OSなしでDolittle VMを動かした話〜,2009-08-31
兼宗 進,夏のプログラミング・シンポジウム2009,生ハード上で動作するオブジェクト指向言語Dolittleの処理系実装〜OSなしでDolittle VMを動かした話〜,2009-08-31
久野 靖,夏のプログラミング・シンポジウム2009,生ハード上で動作するオブジェクト指向言語Dolittleの処理系実装〜OSなしでDolittle VMを動かした話〜,2009-08-31
早川 栄一,夏のプログラミング・シンポジウム2009,生ハード上で動作するオブジェクト指向言語Dolittleの処理系実装〜OSなしでDolittle VMを動かした話〜,2009-08-31
宮下 芳明,夏のプログラミング・シンポジウム2010,フィジカルコンピューティングへのモチベーションを向上させるブレッドボード HMMBBの提案,2010-09-01
山口 文彦,夏のプログラミング・シンポジウム2010,SMLによるゲーム木探索の演習のためのソフトウェア,2010-09-01
榎本 進,夏のプログラミング・シンポジウム2010,SMLによるゲーム木探索の演習のためのソフトウェア,2010-09-01
丸山 一貴,夏のプログラミング・シンポジウム2010,視覚的コンテキストによる検索結果提示,2010-09-01
井桁 正人,夏のプログラミング・シンポジウム2010,視覚的コンテキストによる検索結果提示,2010-09-01
寺田 実,夏のプログラミング・シンポジウム2010,視覚的コンテキストによる検索結果提示,2010-09-01
大座畑 重光,夏のプログラミング・シンポジウム2010,"文字入力の効率化なるか？---その方法,インタフェース,アーキテクチャの提案",2010-09-01
伊集院 八郎,夏のプログラミング・シンポジウム2010,表計算ソフト上での複素行列応用のためのプログラミング,2010-09-01
吉川 祐輔,夏のプログラミング・シンポジウム2010,料理プログラミングの為の枠組みについて,2010-09-01
宮下 芳明,夏のプログラミング・シンポジウム2010,料理プログラミングの為の枠組みについて,2010-09-01
島田 静雄,夏のプログラミング・シンポジウム2010,外国語作文として見るプログラミング言語,2010-09-01
中山 心太,夏のプログラミング・シンポジウム2010,クラウド環境におけるコーディング手法の提案,2010-09-01
横山 大作,夏のプログラミング・シンポジウム2010,クラウドアプリケーションとしてのコンピュータ将棋プレイヤ「激指」,2010-09-01
城 歩,夏のプログラミング・シンポジウム2010,表計算ソフト上での数式応用のためのプログラミング,2010-09-01
伊集院 八郎,夏のプログラミング・シンポジウム2010,表計算ソフト上での数式応用のためのプログラミング,2010-09-01
三輪 誠,夏のプログラミング・シンポジウム2010,自然言語処理におけるアノテーション環境XConc Suite,2010-09-01
西岡 真吾,夏のプログラミング・シンポジウム2010,連想オートマトン,2010-09-01
川中 真耶,夏のプログラミング・シンポジウム2010,プロトタイピングとリリース,2010-09-01
脇田 建,夏のプログラミング・シンポジウム2010,オブジェクトとプロトタイピングとライブネス,2010-09-01
中橋 雅弘,夏のプログラミング・シンポジウム2010,HMMMML2：モチベーション向上の為のコンパイラ,2010-09-01
宮下 芳明,夏のプログラミング・シンポジウム2010,HMMMML2：モチベーション向上の為のコンパイラ,2010-09-01
森下 敦司,夏のプログラミング・シンポジウム2010,文脈によるプログラミング言語処理系,2010-09-01
副田 俊介,夏のプログラミング・シンポジウム2010,人流シミュレーションのためのプログラミング,2010-09-01
山下 倫央,夏のプログラミング・シンポジウム2010,人流シミュレーションのためのプログラミング,2010-09-01
大西 正輝,夏のプログラミング・シンポジウム2010,人流シミュレーションのためのプログラミング,2010-09-01
野田 五十樹,夏のプログラミング・シンポジウム2010,人流シミュレーションのためのプログラミング,2010-09-01
安部 達也,夏のプログラミング・シンポジウム2011,高性能計算における Verification-Oblivious プログラミングのためのディレクティブに基づくソースコード検証,2011-09-02
佐藤 三久,夏のプログラミング・シンポジウム2011,高性能計算における Verification-Oblivious プログラミングのためのディレクティブに基づくソースコード検証,2011-09-02
中山 心太,夏のプログラミング・シンポジウム2011,動的解析を利用した正常系解析と正常系表示エディタの開発,2011-09-02
井出 真広,夏のプログラミング・シンポジウム2011,スクリプト言語KonohaScriptのLLVMを用いた高速動作可能な実行環境の設計と実装,2011-09-02
若松 悠樹,夏のプログラミング・シンポジウム2011,スクリプト言語KonohaScriptのLLVMを用いた高速動作可能な実行環境の設計と実装,2011-09-02
志田 駿介,夏のプログラミング・シンポジウム2011,スクリプト言語KonohaScriptのLLVMを用いた高速動作可能な実行環境の設計と実装,2011-09-02
倉光 君郎,夏のプログラミング・シンポジウム2011,スクリプト言語KonohaScriptのLLVMを用いた高速動作可能な実行環境の設計と実装,2011-09-02
田村 知博,夏のプログラミング・シンポジウム2011,JavaScript におけるプログラム変換の効果,2011-09-02
中野 圭介,夏のプログラミング・シンポジウム2011,JavaScript におけるプログラム変換の効果,2011-09-02
鵜川 始陽,夏のプログラミング・シンポジウム2011,JavaScript におけるプログラム変換の効果,2011-09-02
岩崎 英哉,夏のプログラミング・シンポジウム2011,JavaScript におけるプログラム変換の効果,2011-09-02
永井 秀利,夏のプログラミング・シンポジウム2011,RubyのThreadGroupクラスの機能拡張の試みについて,2011-09-02
伊集院 八郎,夏のプログラミング・シンポジウム2011,オブジェクト指向マイコンプログラミング,2011-09-02
江木 聡志,夏のプログラミング・シンポジウム2011,プログラミング言語Egison,2011-09-02
後藤 勇太,夏のプログラミング・シンポジウム2011,左再帰に対応するPackrat Parserの実装,2011-09-02
木山 真人,夏のプログラミング・シンポジウム2011,左再帰に対応するPackrat Parserの実装,2011-09-02
芦原 評,夏のプログラミング・シンポジウム2011,左再帰に対応するPackrat Parserの実装,2011-09-02
古川 友樹,夏のプログラミング・シンポジウム2011,プログラム記述とプロセッサの高性能化機構の関係,2011-09-02
山内 利宏,夏のプログラミング・シンポジウム2011,プログラム記述とプロセッサの高性能化機構の関係,2011-09-02
谷口 秀夫,夏のプログラミング・シンポジウム2011,プログラム記述とプロセッサの高性能化機構の関係,2011-09-02
養安 元気,夏のプログラミング・シンポジウム2011,究極のGCに向けて,2011-09-02
中田 晋平,夏のプログラミング・シンポジウム2011,究極のGCに向けて,2011-09-02
菅谷 みどり,夏のプログラミング・シンポジウム2011,究極のGCに向けて,2011-09-02
倉光 君郎,夏のプログラミング・シンポジウム2011,究極のGCに向けて,2011-09-02
竹内 郁雄,夏のプログラミング・シンポジウム2011,こんなのもプログラミング,2011-09-02
若森 拓馬,夏のプログラミング・シンポジウム2011,オンラインセキュリティ実験基盤,2011-09-02
井出 真広,夏のプログラミング・シンポジウム2011,オンラインセキュリティ実験基盤,2011-09-02
中田 晋平,夏のプログラミング・シンポジウム2011,オンラインセキュリティ実験基盤,2011-09-02
倉光 君郎,夏のプログラミング・シンポジウム2011,オンラインセキュリティ実験基盤,2011-09-02
小出 洋,夏のプログラミング・シンポジウム2011,新しいタイプの脅威を分析するための情報システムとマルウェアを表現するDSL,2011-09-02
金岡 晃,夏のプログラミング・シンポジウム2011,新しいタイプの脅威を分析するための情報システムとマルウェアを表現するDSL,2011-09-02
加藤 雅彦,夏のプログラミング・シンポジウム2011,新しいタイプの脅威を分析するための情報システムとマルウェアを表現するDSL,2011-09-02
森下 敦司,夏のプログラミング・シンポジウム2011,ソフトウェア設計のための文脈によるプログラミング言語処理系,2011-09-02
山之上 卓,夏のプログラミング・シンポジウム2011,プログラミングの共有@Wiki,2011-09-02
小田 謙太郎,夏のプログラミング・シンポジウム2011,プログラミングの共有@Wiki,2011-09-02
下園 幸一,夏のプログラミング・シンポジウム2011,プログラミングの共有@Wiki,2011-09-02
近藤 秀樹,夏のプログラミング・シンポジウム2011,気軽な編集と実行を対応付け他者への説明を促すプログラミング学習環境,2011-09-02
竹内 郁雄,夏のプログラミング・シンポジウム2012,プログラミング美学(仮題),2012-08-25
田中 英行,夏のプログラミング・シンポジウム2012,Beautiful Error Handling,2012-08-25
山本 和彦,夏のプログラミング・シンポジウム2012,Beautiful Programming Language and Beautiful Testing,2012-08-25
久野 靖,夏のプログラミング・シンポジウム2012,ビューティフルコードのためのN個の指針,2012-08-25
遠藤 侑介,夏のプログラミング・シンポジウム2012,Rubyによる超絶技巧プログラミング,2012-08-25
光成 滋生,夏のプログラミング・シンポジウム2012,高機能アセンブラによるx86/x64 CPU向け高速化テクニック,2012-08-25
原田 康徳,夏のプログラミング・シンポジウム2012,ビスケットにおけるプログラムの美しさについて,2012-08-25
稲葉 一浩,夏のプログラミング・シンポジウム2012,キュート・アルゴリズム,2012-08-25
和田 英一,夏のプログラミング・シンポジウム2012,セルオートマトンのプログラムハック,2012-08-25
石井 一夫,夏のプログラミング・シンポジウム2013,ゲノム科学におけるビッグデータ・データマイニング,2013-08-25
中谷 秀洋,夏のプログラミング・シンポジウム2013,数式を綺麗にプログラミングするコツ,2013-08-25
茂森 弘靖,夏のプログラミング・シンポジウム2013,製鉄所における大量品質管理データの解析事例と課題－局所回帰モデリングと多変量統計的プロセス管理－,2013-08-25
大槻 明,夏のプログラミング・シンポジウム2013,コロケーション・パーチェス２部グラフの対応分析階層クラスタリングによる顧客購買行動可視化システム,2013-08-25
川村 雅義,夏のプログラミング・シンポジウム2013,コロケーション・パーチェス２部グラフの対応分析階層クラスタリングによる顧客購買行動可視化システム,2013-08-25
秋岡 明香,夏のプログラミング・シンポジウム2013,ストリーム解析処理再訪～HPCの観点から～,2013-08-25
荒堀 喜貴,夏のプログラミング・シンポジウム2013,並列データ処理基盤を用いた並行バグ並列検査方式の検討,2013-08-25
大江 和一,夏のプログラミング・シンポジウム2013,リアルストレージワークロード特徴抽出のためのデータ収集蓄積技術のご紹介,2013-08-25
本郷 寛,夏のプログラミング・シンポジウム2013,ソーシャルデータを分析・可視化することで見えてくる人間行動,2013-08-25
今井 陽太,夏のプログラミング・シンポジウム2013,「単車の虎」に於けるアクセスログ解析手法,2013-08-25
南出 靖彦,夏のプログラミング・シンポジウム2014,座長,2014-08-24
岡部 究,夏のプログラミング・シンポジウム2014,ATS言語を使って不変条件をAPIに強制する,2014-08-24
木山 真人,夏のプログラミング・シンポジウム2014,拡張性のあるPEGパーサの実装,2014-08-24
三廻部 大,夏のプログラミング・シンポジウム2014,座長,2014-08-24
木谷 篤,夏のプログラミング・シンポジウム2014,タブレット端末で利用される手書きノートアプリケーションのための新しいメニューデザイン,2014-08-24
中谷 多哉子,夏のプログラミング・シンポジウム2014,タブレット端末で利用される手書きノートアプリケーションのための新しいメニューデザイン,2014-08-24
海老澤 雄太,夏のプログラミング・シンポジウム2014,ブラウザ上のジェスチャによるDOM要素選択方法の提案,2014-08-24
丸山 一貴,夏のプログラミング・シンポジウム2014,ブラウザ上のジェスチャによるDOM要素選択方法の提案,2014-08-24
寺田 実,夏のプログラミング・シンポジウム2014,ブラウザ上のジェスチャによるDOM要素選択方法の提案,2014-08-24
前田 敦司,夏のプログラミング・シンポジウム2014,座長,2014-08-24
吉崎 航,夏のプログラミング・シンポジウム2014,招待講演 人型ロボットのための自由なインターフェイス開発,2014-08-24
中山 心太,夏のプログラミング・シンポジウム2014,座長,2014-08-24
齋藤 暢郎,夏のプログラミング・シンポジウム2014,狭小な操作領域における連続性を付与した操作手法の拡張,2014-08-24
井桁 正人,夏のプログラミング・シンポジウム2014,チケット駆動のサーバ/インフラ運用における問題点と手動作業の自動化,2014-08-24
加藤 淳,夏のプログラミング・シンポジウム2014,実世界Live Programmingの実現に向けて,2014-08-24
寺田 実,夏のプログラミング・シンポジウム2014,座長,2014-08-24
金田 泰,夏のプログラミング・シンポジウム2014,3D プリンタによる “3 次元タートル・グラフィクス”,2014-08-24
橋本 翔,夏のプログラミング・シンポジウム2014,Web版Lindaによる実世界コンピューティング,2014-08-24
馬場 匠見,夏のプログラミング・シンポジウム2014,Web版Lindaによる実世界コンピューティング,2014-08-24
増井 俊之,夏のプログラミング・シンポジウム2014,Web版Lindaによる実世界コンピューティング,2014-08-24
松崎 智史,夏のプログラミング・シンポジウム2014,ARマーカを用いたプログラミング支援タンジブルインタフェース,2014-08-24
滝本 宗宏,夏のプログラミング・シンポジウム2014,ARマーカを用いたプログラミング支援タンジブルインタフェース,2014-08-24
